#
# There is insufficient memory for the Java Runtime Environment to continue.
# Native memory allocation (mmap) failed to map 65536 bytes. Error detail: Failed to commit metaspace.
# Possible reasons:
#   The system is out of physical RAM or swap space
#   This process is running with CompressedOops enabled, and the Java Heap may be blocking the growth of the native heap
# Possible solutions:
#   Reduce memory load on the system
#   Increase physical memory or swap space
#   Check if swap backing store is full
#   Decrease Java heap size (-Xmx/-Xms)
#   Decrease number of Java threads
#   Decrease Java thread stack sizes (-Xss)
#   Set larger code cache with -XX:ReservedCodeCacheSize=
#   JVM is running with Unscaled Compressed Oops mode in which the Java heap is
#     placed in the first 4GB address space. The Java Heap base address is the
#     maximum limit for the native heap growth. Please use -XX:HeapBaseMinAddress
#     to set the Java Heap base and to place the Java Heap above 4GB virtual address.
# This output file may be truncated or incomplete.
#
#  Out of Memory Error (virtualSpaceNode.cpp:113), pid=3920, tid=16032
#
# JRE version: OpenJDK Runtime Environment Temurin-21.0.10+7 (21.0.10+7) (build 21.0.10+7-LTS)
# Java VM: OpenJDK 64-Bit Server VM Temurin-21.0.10+7 (21.0.10+7-LTS, mixed mode, sharing, tiered, compressed oops, compressed class ptrs, parallel gc, windows-amd64)
# No core dump will be written. Minidumps are not enabled by default on client versions of Windows
#

---------------  S U M M A R Y ------------

Command Line: --add-modules=ALL-SYSTEM --add-opens=java.base/java.util=ALL-UNNAMED --add-opens=java.base/java.lang=ALL-UNNAMED --add-opens=java.base/sun.nio.fs=ALL-UNNAMED -Declipse.application=org.eclipse.jdt.ls.core.id1 -Dosgi.bundles.defaultStartLevel=4 -Declipse.product=org.eclipse.jdt.ls.core.product -Djava.import.generatesMetadataFilesAtProjectRoot=false -DDetectVMInstallationsJob.disabled=true -Dfile.encoding=utf8 -XX:+UseParallelGC -XX:GCTimeRatio=4 -XX:AdaptiveSizePolicyWeight=90 -Dsun.zip.disableMemoryMapping=true -Xmx2G -Xms100m -Xlog:disable -javaagent:c:\Users\ManhChu\.antigravity\extensions\redhat.java-1.54.0-win32-x64\lombok\lombok-1.18.39-4050.jar -XX:+HeapDumpOnOutOfMemoryError -XX:HeapDumpPath=c:\Users\ManhChu\AppData\Roaming\Antigravity\User\workspaceStorage\bb25cf70fd281f4a14e69039ea312822\redhat.java -Daether.dependencyCollector.impl=bf c:\Users\ManhChu\.antigravity\extensions\redhat.java-1.54.0-win32-x64\server\plugins\org.eclipse.equinox.launcher_1.7.100.v20251111-0406.jar -configuration c:\Users\ManhChu\AppData\Roaming\Antigravity\User\globalStorage\redhat.java\1.54.0\config_win -data c:\Users\ManhChu\AppData\Roaming\Antigravity\User\workspaceStorage\bb25cf70fd281f4a14e69039ea312822\redhat.java\jdt_ws --pipe=\\.\pipe\lsp-4f3816332ce903bbda56f8f0126b357b-sock

Host: Intel(R) Core(TM) i5-6300U CPU @ 2.40GHz, 4 cores, 15G,  Windows 10 , 64 bit Build 19041 (10.0.19041.5915)
Time: Sun May 10 00:59:29 2026 SE Asia Standard Time elapsed time: 18.948315 seconds (0d 0h 0m 18s)

---------------  T H R E A D  ---------------

Current thread (0x000002e2ee3d1c60):  JavaThread "Start Level: Equinox Container: 6483e295-16aa-4854-ab1f-f4a30f2adbc5" daemon [_thread_in_vm, id=16032, stack(0x000000f2f1300000,0x000000f2f1400000) (1024K)]

Stack: [0x000000f2f1300000,0x000000f2f1400000]
Native frames: (J=compiled Java code, j=interpreted, Vv=VM code, C=native code)
V  [jvm.dll+0x6d7a39]
V  [jvm.dll+0x8b4b26]
V  [jvm.dll+0x8b70de]
V  [jvm.dll+0x8b77c3]
V  [jvm.dll+0x284346]
V  [jvm.dll+0x8b086e]
V  [jvm.dll+0x679444]
V  [jvm.dll+0x1e82bb]
V  [jvm.dll+0x1e807e]
V  [jvm.dll+0x67bd42]
V  [jvm.dll+0x67bb72]
V  [jvm.dll+0x679e1e]
V  [jvm.dll+0x26f614]
V  [jvm.dll+0x219f3f]
V  [jvm.dll+0x20f62e]
V  [jvm.dll+0x5b644f]
V  [jvm.dll+0x82ead6]
V  [jvm.dll+0x478db8]
V  [jvm.dll+0x47ebe8]
C  [java.dll+0x17ec]

Java frames: (J=compiled Java code, j=interpreted, Vv=VM code)
J 1123  java.lang.ClassLoader.defineClass1(Ljava/lang/ClassLoader;Ljava/lang/String;[BIILjava/security/ProtectionDomain;Ljava/lang/String;)Ljava/lang/Class; java.base@21.0.10 (0 bytes) @ 0x000002e2dcea7d91 [0x000002e2dcea7cc0+0x00000000000000d1]
J 1881 c1 java.lang.ClassLoader.defineClass(Ljava/lang/String;[BIILjava/security/ProtectionDomain;)Ljava/lang/Class; java.base@21.0.10 (43 bytes) @ 0x000002e2d56b71fc [0x000002e2d56b6ea0+0x000000000000035c]
J 2975 c1 org.eclipse.osgi.internal.loader.ModuleClassLoader.defineClass(Ljava/lang/String;[BLorg/eclipse/osgi/internal/loader/classpath/ClasspathEntry;)Lorg/eclipse/osgi/internal/loader/ModuleClassLoader$DefineClassResult; (67 bytes) @ 0x000002e2d594373c [0x000002e2d5943420+0x000000000000031c]
J 2546 c1 org.eclipse.osgi.internal.loader.classpath.ClasspathManager.defineClass(Ljava/lang/String;[BLorg/eclipse/osgi/internal/loader/classpath/ClasspathEntry;Lorg/eclipse/osgi/storage/bundlefile/BundleEntry;Ljava/util/List;)Ljava/lang/Class; (636 bytes) @ 0x000002e2d583ff74 [0x000002e2d583e4c0+0x0000000000001ab4]
J 2785 c1 org.eclipse.osgi.internal.loader.classpath.ClasspathManager.findClassImpl(Ljava/lang/String;Lorg/eclipse/osgi/internal/loader/classpath/ClasspathEntry;Ljava/util/List;)Ljava/lang/Class; (328 bytes) @ 0x000002e2d58c9944 [0x000002e2d58c6600+0x0000000000003344]
J 2784 c1 org.eclipse.osgi.internal.loader.classpath.ClasspathManager.findLocalClassImpl(Ljava/lang/String;[Lorg/eclipse/osgi/internal/loader/classpath/ClasspathEntry;Ljava/util/List;)Ljava/lang/Class; (55 bytes) @ 0x000002e2d58c4e64 [0x000002e2d58c4ce0+0x0000000000000184]
J 2791 c1 org.eclipse.osgi.internal.loader.classpath.ClasspathManager.findLocalClassImpl(Ljava/lang/String;Ljava/util/List;)Ljava/lang/Class; (132 bytes) @ 0x000002e2d58cdf14 [0x000002e2d58cd9e0+0x0000000000000534]
J 2521 c1 org.eclipse.osgi.internal.loader.classpath.ClasspathManager.findLocalClass(Ljava/lang/String;)Ljava/lang/Class; (210 bytes) @ 0x000002e2d5835ba4 [0x000002e2d5834ee0+0x0000000000000cc4]
J 2519 c1 org.eclipse.osgi.internal.loader.BundleLoader.findLocalClass(Ljava/lang/String;)Ljava/lang/Class; (159 bytes) @ 0x000002e2d58328cc [0x000002e2d5831ce0+0x0000000000000bec]
J 2480 c1 org.eclipse.osgi.internal.loader.BundleLoader.findClass0(Ljava/lang/String;ZZ)Ljava/lang/Class; (490 bytes) @ 0x000002e2d581b85c [0x000002e2d58186c0+0x000000000000319c]
J 2479 c1 org.eclipse.osgi.internal.loader.BundleLoader.findClass(Ljava/lang/String;)Ljava/lang/Class; (8 bytes) @ 0x000002e2d5817ccc [0x000002e2d5817c40+0x000000000000008c]
J 2484 c1 org.eclipse.osgi.internal.loader.ModuleClassLoader.loadClass(Ljava/lang/String;Z)Ljava/lang/Class; (36 bytes) @ 0x000002e2d581fc4c [0x000002e2d581fa20+0x000000000000022c]
J 1015 c1 java.lang.ClassLoader.loadClass(Ljava/lang/String;)Ljava/lang/Class; java.base@21.0.10 (7 bytes) @ 0x000002e2d54f36d4 [0x000002e2d54f35c0+0x0000000000000114]
v  ~StubRoutines::call_stub 0x000002e2dc89100d
j  org.slf4j.LoggerFactory.earlyBindMDCAdapter()V+14
j  org.slf4j.LoggerFactory.bind()V+34
j  org.slf4j.LoggerFactory.performInitialization()V+0
j  org.slf4j.LoggerFactory.getProvider()Lorg/slf4j/spi/SLF4JServiceProvider;+21
j  org.slf4j.LoggerFactory.getILoggerFactory()Lorg/slf4j/ILoggerFactory;+0
j  org.slf4j.LoggerFactory.getLogger(Ljava/lang/String;)Lorg/slf4j/Logger;+0
j  org.slf4j.LoggerFactory.getLogger(Ljava/lang/Class;)Lorg/slf4j/Logger;+4
j  org.eclipse.m2e.core.internal.URLConnectionCaches.<clinit>()V+2
v  ~StubRoutines::call_stub 0x000002e2dc89100d
j  org.eclipse.m2e.core.internal.MavenPluginActivator.start(Lorg/osgi/framework/BundleContext;)V+53
j  org.eclipse.osgi.internal.framework.BundleContextImpl$2.run()Ljava/lang/Void;+23
j  org.eclipse.osgi.internal.framework.BundleContextImpl$2.run()Ljava/lang/Object;+1
J 1160 c1 java.security.AccessController.executePrivileged(Ljava/security/PrivilegedExceptionAction;Ljava/security/AccessControlContext;Ljava/lang/Class;)Ljava/lang/Object; java.base@21.0.10 (65 bytes) @ 0x000002e2d55330c4 [0x000002e2d5532f60+0x0000000000000164]
j  java.security.AccessController.doPrivileged(Ljava/security/PrivilegedExceptionAction;)Ljava/lang/Object;+9 java.base@21.0.10
j  org.eclipse.osgi.internal.framework.BundleContextImpl.startActivator(Lorg/osgi/framework/BundleActivator;)V+9
j  org.eclipse.osgi.internal.framework.BundleContextImpl.start()V+141
j  org.eclipse.osgi.internal.framework.EquinoxBundle.startWorker0()V+35
j  org.eclipse.osgi.internal.framework.EquinoxBundle$EquinoxModule.startWorker()V+4
j  org.eclipse.osgi.container.Module.doStart([Lorg/eclipse/osgi/container/Module$StartOptions;)Lorg/eclipse/osgi/container/ModuleContainerAdaptor$ModuleEvent;+200
J 2969 c1 org.eclipse.osgi.container.Module.start([Lorg/eclipse/osgi/container/Module$StartOptions;)V (662 bytes) @ 0x000002e2d593c884 [0x000002e2d593a7c0+0x00000000000020c4]
j  org.eclipse.osgi.framework.util.SecureAction.start(Lorg/eclipse/osgi/container/Module;[Lorg/eclipse/osgi/container/Module$StartOptions;)V+8
J 2769 c1 org.eclipse.osgi.internal.hooks.EclipseLazyStarter.postFindLocalClass(Ljava/lang/String;Ljava/lang/Class;Lorg/eclipse/osgi/internal/loader/classpath/ClasspathManager;)V (394 bytes) @ 0x000002e2d58b9e94 [0x000002e2d58b8ec0+0x0000000000000fd4]
J 2521 c1 org.eclipse.osgi.internal.loader.classpath.ClasspathManager.findLocalClass(Ljava/lang/String;)Ljava/lang/Class; (210 bytes) @ 0x000002e2d5835ef4 [0x000002e2d5834ee0+0x0000000000001014]
J 2519 c1 org.eclipse.osgi.internal.loader.BundleLoader.findLocalClass(Ljava/lang/String;)Ljava/lang/Class; (159 bytes) @ 0x000002e2d58328cc [0x000002e2d5831ce0+0x0000000000000bec]
J 2480 c1 org.eclipse.osgi.internal.loader.BundleLoader.findClass0(Ljava/lang/String;ZZ)Ljava/lang/Class; (490 bytes) @ 0x000002e2d581b85c [0x000002e2d58186c0+0x000000000000319c]
J 2479 c1 org.eclipse.osgi.internal.loader.BundleLoader.findClass(Ljava/lang/String;)Ljava/lang/Class; (8 bytes) @ 0x000002e2d5817ccc [0x000002e2d5817c40+0x000000000000008c]
J 2484 c1 org.eclipse.osgi.internal.loader.ModuleClassLoader.loadClass(Ljava/lang/String;Z)Ljava/lang/Class; (36 bytes) @ 0x000002e2d581fc4c [0x000002e2d581fa20+0x000000000000022c]
J 1015 c1 java.lang.ClassLoader.loadClass(Ljava/lang/String;)Ljava/lang/Class; java.base@21.0.10 (7 bytes) @ 0x000002e2d54f36d4 [0x000002e2d54f35c0+0x0000000000000114]
j  org.eclipse.osgi.internal.framework.EquinoxBundle.loadClass(Ljava/lang/String;)Ljava/lang/Class;+190
j  org.apache.felix.scr.impl.manager.AbstractComponentManager.initDependencyManagers(Lorg/apache/felix/scr/impl/manager/ComponentContextImpl;)V+57
j  org.apache.felix.scr.impl.manager.AbstractComponentManager.collectDependencies(Lorg/apache/felix/scr/impl/manager/ComponentContextImpl;)Z+2
j  org.apache.felix.scr.impl.manager.SingleComponentManager.getServiceInternal(Lorg/osgi/framework/ServiceRegistration;)Z+25
j  org.apache.felix.scr.impl.manager.SingleComponentManager.getService(Lorg/osgi/framework/Bundle;Lorg/osgi/framework/ServiceRegistration;)Ljava/lang/Object;+69
j  org.eclipse.osgi.internal.serviceregistry.ServiceFactoryUse$1.run()Ljava/lang/Object;+24
J 2609 c1 java.security.AccessController.doPrivileged(Ljava/security/PrivilegedAction;)Ljava/lang/Object; java.base@21.0.10 (9 bytes) @ 0x000002e2d585e754 [0x000002e2d585e5e0+0x0000000000000174]
j  org.eclipse.osgi.internal.serviceregistry.ServiceFactoryUse.factoryGetService()Ljava/lang/Object;+8
j  org.eclipse.osgi.internal.serviceregistry.ServiceFactoryUse.getService()Ljava/lang/Object;+231
j  org.eclipse.osgi.internal.serviceregistry.ServiceConsumer$2.getService(Lorg/eclipse/osgi/internal/serviceregistry/ServiceUse;)Ljava/lang/Object;+1
j  org.eclipse.osgi.internal.serviceregistry.ServiceRegistrationImpl.getService(Lorg/eclipse/osgi/internal/framework/BundleContextImpl;Lorg/eclipse/osgi/internal/serviceregistry/ServiceConsumer;)Ljava/lang/Object;+459
j  org.eclipse.osgi.internal.serviceregistry.ServiceRegistry.getService(Lorg/eclipse/osgi/internal/framework/BundleContextImpl;Lorg/eclipse/osgi/internal/serviceregistry/ServiceReferenceImpl;)Ljava/lang/Object;+12
j  org.eclipse.osgi.internal.framework.BundleContextImpl.getService(Lorg/osgi/framework/ServiceReference;)Ljava/lang/Object;+35
j  org.apache.felix.scr.impl.manager.SingleRefPair.getServiceObject(Lorg/apache/felix/scr/impl/inject/ScrComponentContext;Lorg/osgi/framework/BundleContext;)Z+5
j  org.apache.felix.scr.impl.inject.methods.BindMethod.getServiceObject(Lorg/apache/felix/scr/impl/inject/BindParameters;Lorg/osgi/framework/BundleContext;)Z+84
j  org.apache.felix.scr.impl.manager.DependencyManager.getServiceObject(Lorg/apache/felix/scr/impl/manager/ComponentContextImpl;Lorg/apache/felix/scr/impl/inject/ReferenceMethod;Lorg/apache/felix/scr/impl/inject/RefPair;)Z+26
j  org.apache.felix.scr.impl.manager.DependencyManager.doInvokeBindMethod(Lorg/apache/felix/scr/impl/manager/ComponentContextImpl;Lorg/apache/felix/scr/impl/inject/ReferenceMethod;Lorg/apache/felix/scr/impl/inject/RefPair;I)Z+4
j  org.apache.felix.scr.impl.manager.DependencyManager.invokeBindMethod(Lorg/apache/felix/scr/impl/manager/ComponentContextImpl;Lorg/apache/felix/scr/impl/inject/RefPair;ILorg/apache/felix/scr/impl/manager/EdgeInfo;)Z+71
j  org.apache.felix.scr.impl.manager.SingleComponentManager.invokeBindMethod(Lorg/apache/felix/scr/impl/manager/DependencyManager;Lorg/apache/felix/scr/impl/inject/RefPair;I)V+26
j  org.apache.felix.scr.impl.manager.DependencyManager$MultipleDynamicCustomizer.addedService(Lorg/osgi/framework/ServiceReference;Lorg/apache/felix/scr/impl/inject/RefPair;IILorg/apache/felix/scr/impl/manager/ExtendedServiceEvent;)V+128
j  org.apache.felix.scr.impl.manager.DependencyManager$MultipleDynamicCustomizer.addedService(Lorg/osgi/framework/ServiceReference;Ljava/lang/Object;IILorg/osgi/framework/ServiceEvent;)V+14
j  org.apache.felix.scr.impl.manager.ServiceTracker$Tracked.customizerAdded(Lorg/osgi/framework/ServiceReference;Lorg/osgi/framework/ServiceEvent;Ljava/lang/Object;II)V+14
j  org.apache.felix.scr.impl.manager.ServiceTracker$Tracked.customizerAdded(Ljava/lang/Object;Ljava/lang/Object;Ljava/lang/Object;II)V+14
j  org.apache.felix.scr.impl.manager.ServiceTracker$AbstractTracked.trackAdding(Ljava/lang/Object;Ljava/lang/Object;)V+207
j  org.apache.felix.scr.impl.manager.ServiceTracker$AbstractTracked.track(Ljava/lang/Object;Ljava/lang/Object;)V+104
j  org.apache.felix.scr.impl.manager.ServiceTracker$Tracked.serviceChanged(Lorg/osgi/framework/ServiceEvent;)V+67
j  org.apache.felix.scr.impl.BundleComponentActivator$ListenerInfo.serviceChanged(Lorg/osgi/framework/ServiceEvent;)V+66
J 2461 c1 org.eclipse.osgi.internal.serviceregistry.FilteredServiceListener.serviceChanged(Lorg/osgi/framework/ServiceEvent;)V (296 bytes) @ 0x000002e2d580a434 [0x000002e2d5807b20+0x0000000000002914]
J 2441 c1 org.eclipse.osgi.internal.framework.BundleContextImpl.dispatchEvent(Ljava/lang/Object;Ljava/lang/Object;ILjava/lang/Object;)V (577 bytes) @ 0x000002e2d57f8654 [0x000002e2d57f4d80+0x00000000000038d4]
J 2499 c1 org.eclipse.osgi.framework.eventmgr.EventManager.dispatchEvent(Ljava/util/Set;Lorg/eclipse/osgi/framework/eventmgr/EventDispatcher;ILjava/lang/Object;)V (69 bytes) @ 0x000002e2d58246d4 [0x000002e2d58241c0+0x0000000000000514]
j  org.eclipse.osgi.framework.eventmgr.ListenerQueue.dispatchEventSynchronous(ILjava/lang/Object;)V+67
j  org.eclipse.osgi.internal.serviceregistry.ServiceRegistry.publishServiceEventPrivileged(Lorg/osgi/framework/ServiceEvent;)V+320
j  org.eclipse.osgi.internal.serviceregistry.ServiceRegistry.publishServiceEvent(Lorg/osgi/framework/ServiceEvent;)V+8
j  org.eclipse.osgi.internal.serviceregistry.ServiceRegistrationImpl.register(Ljava/util/Dictionary;)V+137
j  org.eclipse.osgi.internal.serviceregistry.ServiceRegistry.registerService(Lorg/eclipse/osgi/internal/framework/BundleContextImpl;[Ljava/lang/String;Ljava/lang/Object;Ljava/util/Dictionary;)Lorg/eclipse/osgi/internal/serviceregistry/ServiceRegistrationImpl;+317
j  org.eclipse.osgi.internal.framework.BundleContextImpl.registerService([Ljava/lang/String;Ljava/lang/Object;Ljava/util/Dictionary;)Lorg/osgi/framework/ServiceRegistration;+15
j  org.apache.felix.scr.impl.manager.AbstractComponentManager$3.register([Ljava/lang/String;)Lorg/osgi/framework/ServiceRegistration;+32
j  org.apache.felix.scr.impl.manager.AbstractComponentManager$3.register([Ljava/lang/String;)Ljava/lang/Object;+2
j  org.apache.felix.scr.impl.manager.RegistrationManager.changeRegistration(Lorg/apache/felix/scr/impl/manager/RegistrationManager$RegState;[Ljava/lang/String;)Z+697
j  org.apache.felix.scr.impl.manager.AbstractComponentManager.registerService()Z+17
j  org.apache.felix.scr.impl.manager.AbstractComponentManager.activateInternal()V+355
j  org.apache.felix.scr.impl.manager.DependencyManager$SingleStaticCustomizer.addedService(Lorg/osgi/framework/ServiceReference;Lorg/apache/felix/scr/impl/inject/RefPair;IILorg/apache/felix/scr/impl/manager/ExtendedServiceEvent;)V+267
j  org.apache.felix.scr.impl.manager.DependencyManager$SingleStaticCustomizer.addedService(Lorg/osgi/framework/ServiceReference;Ljava/lang/Object;IILorg/osgi/framework/ServiceEvent;)V+14
j  org.apache.felix.scr.impl.manager.ServiceTracker$Tracked.customizerAdded(Lorg/osgi/framework/ServiceReference;Lorg/osgi/framework/ServiceEvent;Ljava/lang/Object;II)V+14
j  org.apache.felix.scr.impl.manager.ServiceTracker$Tracked.customizerAdded(Ljava/lang/Object;Ljava/lang/Object;Ljava/lang/Object;II)V+14
j  org.apache.felix.scr.impl.manager.ServiceTracker$AbstractTracked.trackAdding(Ljava/lang/Object;Ljava/lang/Object;)V+207
j  org.apache.felix.scr.impl.manager.ServiceTracker$AbstractTracked.track(Ljava/lang/Object;Ljava/lang/Object;)V+104
j  org.apache.felix.scr.impl.manager.ServiceTracker$Tracked.serviceChanged(Lorg/osgi/framework/ServiceEvent;)V+67
j  org.apache.felix.scr.impl.BundleComponentActivator$ListenerInfo.serviceChanged(Lorg/osgi/framework/ServiceEvent;)V+66
J 2461 c1 org.eclipse.osgi.internal.serviceregistry.FilteredServiceListener.serviceChanged(Lorg/osgi/framework/ServiceEvent;)V (296 bytes) @ 0x000002e2d580a434 [0x000002e2d5807b20+0x0000000000002914]
J 2441 c1 org.eclipse.osgi.internal.framework.BundleContextImpl.dispatchEvent(Ljava/lang/Object;Ljava/lang/Object;ILjava/lang/Object;)V (577 bytes) @ 0x000002e2d57f8654 [0x000002e2d57f4d80+0x00000000000038d4]
J 2499 c1 org.eclipse.osgi.framework.eventmgr.EventManager.dispatchEvent(Ljava/util/Set;Lorg/eclipse/osgi/framework/eventmgr/EventDispatcher;ILjava/lang/Object;)V (69 bytes) @ 0x000002e2d58246d4 [0x000002e2d58241c0+0x0000000000000514]
j  org.eclipse.osgi.framework.eventmgr.ListenerQueue.dispatchEventSynchronous(ILjava/lang/Object;)V+67
j  org.eclipse.osgi.internal.serviceregistry.ServiceRegistry.publishServiceEventPrivileged(Lorg/osgi/framework/ServiceEvent;)V+320
j  org.eclipse.osgi.internal.serviceregistry.ServiceRegistry.publishServiceEvent(Lorg/osgi/framework/ServiceEvent;)V+8
j  org.eclipse.osgi.internal.serviceregistry.ServiceRegistrationImpl.register(Ljava/util/Dictionary;)V+137
j  org.eclipse.osgi.internal.serviceregistry.ServiceRegistry.registerService(Lorg/eclipse/osgi/internal/framework/BundleContextImpl;[Ljava/lang/String;Ljava/lang/Object;Ljava/util/Dictionary;)Lorg/eclipse/osgi/internal/serviceregistry/ServiceRegistrationImpl;+317
j  org.eclipse.osgi.internal.framework.BundleContextImpl.registerService([Ljava/lang/String;Ljava/lang/Object;Ljava/util/Dictionary;)Lorg/osgi/framework/ServiceRegistration;+15
j  org.apache.felix.scr.impl.manager.AbstractComponentManager$3.register([Ljava/lang/String;)Lorg/osgi/framework/ServiceRegistration;+32
j  org.apache.felix.scr.impl.manager.AbstractComponentManager$3.register([Ljava/lang/String;)Ljava/lang/Object;+2
j  org.apache.felix.scr.impl.manager.RegistrationManager.changeRegistration(Lorg/apache/felix/scr/impl/manager/RegistrationManager$RegState;[Ljava/lang/String;)Z+697
j  org.apache.felix.scr.impl.manager.AbstractComponentManager.registerService()Z+17
j  org.apache.felix.scr.impl.manager.AbstractComponentManager.activateInternal()V+355
j  org.apache.felix.scr.impl.manager.DependencyManager$SingleStaticCustomizer.addedService(Lorg/osgi/framework/ServiceReference;Lorg/apache/felix/scr/impl/inject/RefPair;IILorg/apache/felix/scr/impl/manager/ExtendedServiceEvent;)V+267
j  org.apache.felix.scr.impl.manager.DependencyManager$SingleStaticCustomizer.addedService(Lorg/osgi/framework/ServiceReference;Ljava/lang/Object;IILorg/osgi/framework/ServiceEvent;)V+14
j  org.apache.felix.scr.impl.manager.ServiceTracker$Tracked.customizerAdded(Lorg/osgi/framework/ServiceReference;Lorg/osgi/framework/ServiceEvent;Ljava/lang/Object;II)V+14
j  org.apache.felix.scr.impl.manager.ServiceTracker$Tracked.customizerAdded(Ljava/lang/Object;Ljava/lang/Object;Ljava/lang/Object;II)V+14
j  org.apache.felix.scr.impl.manager.ServiceTracker$AbstractTracked.trackAdding(Ljava/lang/Object;Ljava/lang/Object;)V+207
j  org.apache.felix.scr.impl.manager.ServiceTracker$AbstractTracked.track(Ljava/lang/Object;Ljava/lang/Object;)V+104
j  org.apache.felix.scr.impl.manager.ServiceTracker$Tracked.serviceChanged(Lorg/osgi/framework/ServiceEvent;)V+67
j  org.apache.felix.scr.impl.BundleComponentActivator$ListenerInfo.serviceChanged(Lorg/osgi/framework/ServiceEvent;)V+66
J 2461 c1 org.eclipse.osgi.internal.serviceregistry.FilteredServiceListener.serviceChanged(Lorg/osgi/framework/ServiceEvent;)V (296 bytes) @ 0x000002e2d580a434 [0x000002e2d5807b20+0x0000000000002914]
J 2441 c1 org.eclipse.osgi.internal.framework.BundleContextImpl.dispatchEvent(Ljava/lang/Object;Ljava/lang/Object;ILjava/lang/Object;)V (577 bytes) @ 0x000002e2d57f8654 [0x000002e2d57f4d80+0x00000000000038d4]
J 2499 c1 org.eclipse.osgi.framework.eventmgr.EventManager.dispatchEvent(Ljava/util/Set;Lorg/eclipse/osgi/framework/eventmgr/EventDispatcher;ILjava/lang/Object;)V (69 bytes) @ 0x000002e2d58246d4 [0x000002e2d58241c0+0x0000000000000514]
j  org.eclipse.osgi.framework.eventmgr.ListenerQueue.dispatchEventSynchronous(ILjava/lang/Object;)V+67
j  org.eclipse.osgi.internal.serviceregistry.ServiceRegistry.publishServiceEventPrivileged(Lorg/osgi/framework/ServiceEvent;)V+320
j  org.eclipse.osgi.internal.serviceregistry.ServiceRegistry.publishServiceEvent(Lorg/osgi/framework/ServiceEvent;)V+8
j  org.eclipse.osgi.internal.serviceregistry.ServiceRegistrationImpl.register(Ljava/util/Dictionary;)V+137
j  org.eclipse.osgi.internal.serviceregistry.ServiceRegistry.registerService(Lorg/eclipse/osgi/internal/framework/BundleContextImpl;[Ljava/lang/String;Ljava/lang/Object;Ljava/util/Dictionary;)Lorg/eclipse/osgi/internal/serviceregistry/ServiceRegistrationImpl;+317
j  org.eclipse.osgi.internal.framework.BundleContextImpl.registerService([Ljava/lang/String;Ljava/lang/Object;Ljava/util/Dictionary;)Lorg/osgi/framework/ServiceRegistration;+15
j  org.apache.felix.scr.impl.manager.AbstractComponentManager$3.register([Ljava/lang/String;)Lorg/osgi/framework/ServiceRegistration;+32
j  org.apache.felix.scr.impl.manager.AbstractComponentManager$3.register([Ljava/lang/String;)Ljava/lang/Object;+2
j  org.apache.felix.scr.impl.manager.RegistrationManager.changeRegistration(Lorg/apache/felix/scr/impl/manager/RegistrationManager$RegState;[Ljava/lang/String;)Z+697
j  org.apache.felix.scr.impl.manager.AbstractComponentManager.registerService()Z+17
j  org.apache.felix.scr.impl.manager.AbstractComponentManager.activateInternal()V+355
j  org.apache.felix.scr.impl.manager.DependencyManager$SingleStaticCustomizer.addedService(Lorg/osgi/framework/ServiceReference;Lorg/apache/felix/scr/impl/inject/RefPair;IILorg/apache/felix/scr/impl/manager/ExtendedServiceEvent;)V+267
j  org.apache.felix.scr.impl.manager.DependencyManager$SingleStaticCustomizer.addedService(Lorg/osgi/framework/ServiceReference;Ljava/lang/Object;IILorg/osgi/framework/ServiceEvent;)V+14
j  org.apache.felix.scr.impl.manager.ServiceTracker$Tracked.customizerAdded(Lorg/osgi/framework/ServiceReference;Lorg/osgi/framework/ServiceEvent;Ljava/lang/Object;II)V+14
j  org.apache.felix.scr.impl.manager.ServiceTracker$Tracked.customizerAdded(Ljava/lang/Object;Ljava/lang/Object;Ljava/lang/Object;II)V+14
j  org.apache.felix.scr.impl.manager.ServiceTracker$AbstractTracked.trackAdding(Ljava/lang/Object;Ljava/lang/Object;)V+207
j  org.apache.felix.scr.impl.manager.ServiceTracker$AbstractTracked.track(Ljava/lang/Object;Ljava/lang/Object;)V+104
j  org.apache.felix.scr.impl.manager.ServiceTracker$Tracked.serviceChanged(Lorg/osgi/framework/ServiceEvent;)V+67
j  org.apache.felix.scr.impl.BundleComponentActivator$ListenerInfo.serviceChanged(Lorg/osgi/framework/ServiceEvent;)V+66
J 2461 c1 org.eclipse.osgi.internal.serviceregistry.FilteredServiceListener.serviceChanged(Lorg/osgi/framework/ServiceEvent;)V (296 bytes) @ 0x000002e2d580a434 [0x000002e2d5807b20+0x0000000000002914]
J 2441 c1 org.eclipse.osgi.internal.framework.BundleContextImpl.dispatchEvent(Ljava/lang/Object;Ljava/lang/Object;ILjava/lang/Object;)V (577 bytes) @ 0x000002e2d57f8654 [0x000002e2d57f4d80+0x00000000000038d4]
J 2499 c1 org.eclipse.osgi.framework.eventmgr.EventManager.dispatchEvent(Ljava/util/Set;Lorg/eclipse/osgi/framework/eventmgr/EventDispatcher;ILjava/lang/Object;)V (69 bytes) @ 0x000002e2d58246d4 [0x000002e2d58241c0+0x0000000000000514]
j  org.eclipse.osgi.framework.eventmgr.ListenerQueue.dispatchEventSynchronous(ILjava/lang/Object;)V+67
j  org.eclipse.osgi.internal.serviceregistry.ServiceRegistry.publishServiceEventPrivileged(Lorg/osgi/framework/ServiceEvent;)V+320
j  org.eclipse.osgi.internal.serviceregistry.ServiceRegistry.publishServiceEvent(Lorg/osgi/framework/ServiceEvent;)V+8
j  org.eclipse.osgi.internal.serviceregistry.ServiceRegistrationImpl.register(Ljava/util/Dictionary;)V+137
j  org.eclipse.osgi.internal.serviceregistry.ServiceRegistry.registerService(Lorg/eclipse/osgi/internal/framework/BundleContextImpl;[Ljava/lang/String;Ljava/lang/Object;Ljava/util/Dictionary;)Lorg/eclipse/osgi/internal/serviceregistry/ServiceRegistrationImpl;+317
j  org.eclipse.osgi.internal.framework.BundleContextImpl.registerService([Ljava/lang/String;Ljava/lang/Object;Ljava/util/Dictionary;)Lorg/osgi/framework/ServiceRegistration;+15
j  org.eclipse.osgi.internal.framework.BundleContextImpl.registerService(Ljava/lang/String;Ljava/lang/Object;Ljava/util/Dictionary;)Lorg/osgi/framework/ServiceRegistration;+15
j  org.eclipse.osgi.internal.framework.BundleContextImpl.registerService(Ljava/lang/Class;Ljava/lang/Object;Ljava/util/Dictionary;)Lorg/osgi/framework/ServiceRegistration;+7
j  org.eclipse.core.resources.ResourcesPlugin$WorkspaceInitCustomizer.addingService(Lorg/osgi/framework/ServiceReference;)Lorg/eclipse/core/internal/resources/Workspace;+83
j  org.eclipse.core.resources.ResourcesPlugin$WorkspaceInitCustomizer.addingService(Lorg/osgi/framework/ServiceReference;)Ljava/lang/Object;+5
j  org.osgi.util.tracker.ServiceTracker$Tracked.customizerAdding(Lorg/osgi/framework/ServiceReference;Lorg/osgi/framework/ServiceEvent;)Ljava/lang/Object;+8
j  org.osgi.util.tracker.ServiceTracker$Tracked.customizerAdding(Ljava/lang/Object;Ljava/lang/Object;)Ljava/lang/Object;+9
J 2648 c1 org.osgi.util.tracker.AbstractTracked.trackAdding(Ljava/lang/Object;Ljava/lang/Object;)V (167 bytes) @ 0x000002e2d586c60c [0x000002e2d586c4e0+0x000000000000012c]
j  org.osgi.util.tracker.AbstractTracked.trackInitial()V+90
j  org.osgi.util.tracker.ServiceTracker.open(Z)V+198
j  org.osgi.util.tracker.ServiceTracker.open()V+2
j  org.eclipse.core.resources.ResourcesPlugin.start(Lorg/osgi/framework/BundleContext;)V+106
j  org.eclipse.osgi.internal.framework.BundleContextImpl$2.run()Ljava/lang/Void;+23
j  org.eclipse.osgi.internal.framework.BundleContextImpl$2.run()Ljava/lang/Object;+1
J 1160 c1 java.security.AccessController.executePrivileged(Ljava/security/PrivilegedExceptionAction;Ljava/security/AccessControlContext;Ljava/lang/Class;)Ljava/lang/Object; java.base@21.0.10 (65 bytes) @ 0x000002e2d55330c4 [0x000002e2d5532f60+0x0000000000000164]
j  java.security.AccessController.doPrivileged(Ljava/security/PrivilegedExceptionAction;)Ljava/lang/Object;+9 java.base@21.0.10
j  org.eclipse.osgi.internal.framework.BundleContextImpl.startActivator(Lorg/osgi/framework/BundleActivator;)V+9
j  org.eclipse.osgi.internal.framework.BundleContextImpl.start()V+141
j  org.eclipse.osgi.internal.framework.EquinoxBundle.startWorker0()V+35
j  org.eclipse.osgi.internal.framework.EquinoxBundle$EquinoxModule.startWorker()V+4
j  org.eclipse.osgi.container.Module.doStart([Lorg/eclipse/osgi/container/Module$StartOptions;)Lorg/eclipse/osgi/container/ModuleContainerAdaptor$ModuleEvent;+200
j  org.eclipse.osgi.container.Module.start([Lorg/eclipse/osgi/container/Module$StartOptions;)V+460
j  org.eclipse.osgi.framework.util.SecureAction.start(Lorg/eclipse/osgi/container/Module;[Lorg/eclipse/osgi/container/Module$StartOptions;)V+8
J 2769 c1 org.eclipse.osgi.internal.hooks.EclipseLazyStarter.postFindLocalClass(Ljava/lang/String;Ljava/lang/Class;Lorg/eclipse/osgi/internal/loader/classpath/ClasspathManager;)V (394 bytes) @ 0x000002e2d58b9e94 [0x000002e2d58b8ec0+0x0000000000000fd4]
J 2521 c1 org.eclipse.osgi.internal.loader.classpath.ClasspathManager.findLocalClass(Ljava/lang/String;)Ljava/lang/Class; (210 bytes) @ 0x000002e2d5835ef4 [0x000002e2d5834ee0+0x0000000000001014]
J 2519 c1 org.eclipse.osgi.internal.loader.BundleLoader.findLocalClass(Ljava/lang/String;)Ljava/lang/Class; (159 bytes) @ 0x000002e2d58328cc [0x000002e2d5831ce0+0x0000000000000bec]
J 2480 c1 org.eclipse.osgi.internal.loader.BundleLoader.findClass0(Ljava/lang/String;ZZ)Ljava/lang/Class; (490 bytes) @ 0x000002e2d581b85c [0x000002e2d58186c0+0x000000000000319c]
J 2479 c1 org.eclipse.osgi.internal.loader.BundleLoader.findClass(Ljava/lang/String;)Ljava/lang/Class; (8 bytes) @ 0x000002e2d5817ccc [0x000002e2d5817c40+0x000000000000008c]
J 2484 c1 org.eclipse.osgi.internal.loader.ModuleClassLoader.loadClass(Ljava/lang/String;Z)Ljava/lang/Class; (36 bytes) @ 0x000002e2d581fc4c [0x000002e2d581fa20+0x000000000000022c]
J 1015 c1 java.lang.ClassLoader.loadClass(Ljava/lang/String;)Ljava/lang/Class; java.base@21.0.10 (7 bytes) @ 0x000002e2d54f36d4 [0x000002e2d54f35c0+0x0000000000000114]
v  ~StubRoutines::call_stub 0x000002e2dc89100d
j  java.lang.Class.getDeclaredConstructors0(Z)[Ljava/lang/reflect/Constructor;+0 java.base@21.0.10
j  java.lang.Class.privateGetDeclaredConstructors(Z)[Ljava/lang/reflect/Constructor;+52 java.base@21.0.10
j  java.lang.Class.getConstructor0([Ljava/lang/Class;I)Ljava/lang/reflect/Constructor;+14 java.base@21.0.10
j  java.lang.Class.getConstructor([Ljava/lang/Class;)Ljava/lang/reflect/Constructor;+24 java.base@21.0.10
j  org.eclipse.osgi.internal.framework.BundleContextImpl.loadBundleActivator()Lorg/osgi/framework/BundleActivator;+105
j  org.eclipse.osgi.internal.framework.BundleContextImpl.start()V+18
j  org.eclipse.osgi.internal.framework.EquinoxBundle.startWorker0()V+35
j  org.eclipse.osgi.internal.framework.EquinoxBundle$EquinoxModule.startWorker()V+4
j  org.eclipse.osgi.container.Module.doStart([Lorg/eclipse/osgi/container/Module$StartOptions;)Lorg/eclipse/osgi/container/ModuleContainerAdaptor$ModuleEvent;+200
j  org.eclipse.osgi.container.Module.start([Lorg/eclipse/osgi/container/Module$StartOptions;)V+460
j  org.eclipse.osgi.container.ModuleContainer$ContainerStartLevel$2.run()V+83
j  org.eclipse.osgi.internal.framework.EquinoxContainerAdaptor$1$1.execute(Ljava/lang/Runnable;)V+1
j  org.eclipse.osgi.container.ModuleContainer$ContainerStartLevel.incStartLevel(ILjava/util/List;Z)V+193
j  org.eclipse.osgi.container.ModuleContainer$ContainerStartLevel.incStartLevel(ILjava/util/List;Ljava/util/List;Ljava/util/List;Ljava/util/List;)V+19
j  org.eclipse.osgi.container.ModuleContainer$ContainerStartLevel.doContainerStartLevel(Lorg/eclipse/osgi/container/Module;I[Lorg/osgi/framework/FrameworkListener;)V+358
j  org.eclipse.osgi.container.ModuleContainer$ContainerStartLevel.dispatchEvent(Lorg/eclipse/osgi/container/Module;[Lorg/osgi/framework/FrameworkListener;ILjava/lang/Integer;)V+32
j  org.eclipse.osgi.container.ModuleContainer$ContainerStartLevel.dispatchEvent(Ljava/lang/Object;Ljava/lang/Object;ILjava/lang/Object;)V+15
j  org.eclipse.osgi.framework.eventmgr.EventManager.dispatchEvent(Ljava/util/Set;Lorg/eclipse/osgi/framework/eventmgr/EventDispatcher;ILjava/lang/Object;)V+48
j  org.eclipse.osgi.framework.eventmgr.EventManager$EventThread.run()V+26
v  ~StubRoutines::call_stub 0x000002e2dc89100d

Compiled method (n/a) 19144 1123     n 0       java.lang.ClassLoader::defineClass1 (native)
 total in heap  [0x000002e2dcea7b10,0x000002e2dcea7f98] = 1160
 relocation     [0x000002e2dcea7c70,0x000002e2dcea7ca8] = 56
 main code      [0x000002e2dcea7cc0,0x000002e2dcea7f96] = 726
 stub code      [0x000002e2dcea7f96,0x000002e2dcea7f98] = 2

[Constant Pool (empty)]

[MachCode]
[Entry Point]
  # {method} {0x000002e280434f58} 'defineClass1' '(Ljava/lang/ClassLoader;Ljava/lang/String;[BIILjava/security/ProtectionDomain;Ljava/lang/String;)Ljava/lang/Class;' in 'java/lang/ClassLoader'
  # parm0:    rdx:rdx   = 'java/lang/ClassLoader'
  # parm1:    r8:r8     = 'java/lang/String'
  # parm2:    r9:r9     = '[B'
  # parm3:    rdi       = int
  # parm4:    rsi       = int
  # parm5:    rcx:rcx   = 'java/security/ProtectionDomain'
  # parm6:    [sp+0xa0]   = 'java/lang/String'  (sp of caller)
  0x000002e2dcea7cc0: 448b 5208 | 49bb 0000 | 0080 e202 | 0000 4d03 | d349 3bc2 | 0f84 0600 

  0x000002e2dcea7cd8: ;   {runtime_call ic_miss_stub}
  0x000002e2dcea7cd8: 0000 e9a1 | 67a3 ff90 
[Verified Entry Point]
  0x000002e2dcea7ce0: 8984 2400 | 80ff ff55 | 488b ec48 | 81ec 9000 | 0000 6690 | 4181 7f20 | 0100 0000 

  0x000002e2dcea7cfc: ;   {runtime_call StubRoutines (final stubs)}
  0x000002e2dcea7cfc: 7405 e8dd | 0ca2 ff48 | 837d 1000 | 488d 4510 | 480f 4445 | 1048 8944 | 2440 4889 | 4c24 7048 
  0x000002e2dcea7d1c: 83f9 0048 | 8d44 2470 | 480f 4444 | 2470 4889 | 4424 3848 | 8974 2430 | 4889 7c24 | 284c 894c 
  0x000002e2dcea7d3c: 2458 4983 | f900 488d | 4424 5848 | 0f44 4424 | 5848 8944 | 2420 4c89 | 4424 5049 | 83f8 004c 
  0x000002e2dcea7d5c: 8d4c 2450 | 4c0f 444c | 2450 4889 | 5424 4848 | 83fa 004c | 8d44 2448 | 4c0f 4444 

  0x000002e2dcea7d78: ;   {oop(a 'java/lang/Class'{0x00000000d6e95358} = 'java/lang/ClassLoader')}
  0x000002e2dcea7d78: 2448 49be | 5853 e9d6 | 0000 0000 | 4c89 7424 | 784c 8d74 | 2478 498b | d6c5 f877 

  0x000002e2dcea7d94: ;   {internal_word}
  0x000002e2dcea7d94: 49ba 917d | eadc e202 | 0000 4d89 | 97a8 0300 | 0049 89a7 | a003 0000 

  0x000002e2dcea7dac: ;   {external_word}
  0x000002e2dcea7dac: 49ba c65c | 41b6 fa7f | 0000 4180 | 3a00 0f84 | 4e00 0000 | 5241 5041 

  0x000002e2dcea7dc4: ;   {metadata({method} {0x000002e280434f58} 'defineClass1' '(Ljava/lang/ClassLoader;Ljava/lang/String;[BIILjava/security/ProtectionDomain;Ljava/lang/String;)Ljava/lang/Class;' in 'java/lang/ClassLoader')}
  0x000002e2dcea7dc4: 5148 ba50 | 4f43 80e2 | 0200 0049 | 8bcf 4883 | ec20 40f6 | c40f 0f84 | 1900 0000 | 4883 ec08 
  0x000002e2dcea7de4: ;   {runtime_call}
  0x000002e2dcea7de4: 48b8 50e1 | eab5 fa7f | 0000 ffd0 | 4883 c408 | e90c 0000 

  0x000002e2dcea7df8: ;   {runtime_call}
  0x000002e2dcea7df8: 0048 b850 | e1ea b5fa | 7f00 00ff | d048 83c4 | 2041 5941 | 585a 498d | 8fc0 0300 | 0041 c787 
  0x000002e2dcea7e18: 4c04 0000 | 0400 0000 

  0x000002e2dcea7e20: ;   {runtime_call}
  0x000002e2dcea7e20: 48b8 ac16 | 3340 fb7f | 0000 ffd0 | c5f8 7741 | c787 4c04 | 0000 0500 | 0000 f083 | 4424 c000 
  0x000002e2dcea7e40: 493b af50 | 0400 000f | 870e 0000 | 0041 83bf | 4804 0000 | 000f 842b | 0000 00c5 | f877 4889 
  0x000002e2dcea7e60: 45f8 498b | cf4c 8be4 | 4883 ec20 | 4883 e4f0 

  0x000002e2dcea7e70: ;   {runtime_call}
  0x000002e2dcea7e70: 48b8 d052 | b6b5 fa7f | 0000 ffd0 | 498b e44d | 33e4 488b | 45f8 41c7 | 874c 0400 | 0008 0000 
  0x000002e2dcea7e90: 0041 83bf | c804 0000 | 020f 84ca 

  0x000002e2dcea7e9c: ;   {external_word}
  0x000002e2dcea7e9c: 0000 0049 | bac6 5c41 | b6fa 7f00 | 0041 803a | 000f 844c | 0000 0048 

  0x000002e2dcea7eb4: ;   {metadata({method} {0x000002e280434f58} 'defineClass1' '(Ljava/lang/ClassLoader;Ljava/lang/String;[BIILjava/security/ProtectionDomain;Ljava/lang/String;)Ljava/lang/Class;' in 'java/lang/ClassLoader')}
  0x000002e2dcea7eb4: 8945 f848 | ba50 4f43 | 80e2 0200 | 0049 8bcf | 4883 ec20 | 40f6 c40f | 0f84 1900 | 0000 4883 
  0x000002e2dcea7ed4: ;   {runtime_call}
  0x000002e2dcea7ed4: ec08 48b8 | 50e1 eab5 | fa7f 0000 | ffd0 4883 | c408 e90c 

  0x000002e2dcea7ee8: ;   {runtime_call}
  0x000002e2dcea7ee8: 0000 0048 | b850 e1ea | b5fa 7f00 | 00ff d048 | 83c4 2048 | 8b45 f849 | c787 a003 | 0000 0000 
  0x000002e2dcea7f08: 0000 49c7 | 87a8 0300 | 0000 0000 | 00c5 f877 | 4885 c00f | 8425 0000 | 00a8 030f | 8508 0000 
  0x000002e2dcea7f28: 0048 8b00 | e915 0000 | 00a8 010f | 8509 0000 | 0048 8b40 | fee9 0400 | 0000 488b | 40ff 498b 
  0x000002e2dcea7f48: 8f30 0400 | 00c7 8100 | 0100 0000 | 0000 00c9 | 4983 7f08 | 000f 8501 | 0000 00c3 

  0x000002e2dcea7f64: ;   {runtime_call StubRoutines (initial stubs)}
  0x000002e2dcea7f64: e997 8f9e | ffc5 f877 | 4889 45f8 | 4c8b e448 | 83ec 2048 

  0x000002e2dcea7f78: ;   {runtime_call}
  0x000002e2dcea7f78: 83e4 f048 | b8a0 18eb | b5fa 7f00 | 00ff d049 | 8be4 4d33 | e448 8b45 | f8e9 09ff | ffff f4f4 
[/MachCode]


Compiled method (c1) 19166 1881       3       java.lang.ClassLoader::defineClass (43 bytes)
 total in heap  [0x000002e2d56b6c90,0x000002e2d56b75f0] = 2400
 relocation     [0x000002e2d56b6df0,0x000002e2d56b6e90] = 160
 main code      [0x000002e2d56b6ea0,0x000002e2d56b7340] = 1184
 stub code      [0x000002e2d56b7340,0x000002e2d56b73b8] = 120
 metadata       [0x000002e2d56b73b8,0x000002e2d56b73e8] = 48
 scopes data    [0x000002e2d56b73e8,0x000002e2d56b74d8] = 240
 scopes pcs     [0x000002e2d56b74d8,0x000002e2d56b75b8] = 224
 dependencies   [0x000002e2d56b75b8,0x000002e2d56b75c8] = 16
 nul chk table  [0x000002e2d56b75c8,0x000002e2d56b75f0] = 40

[Constant Pool (empty)]

[MachCode]
[Entry Point]
  # {method} {0x000002e2804352d8} 'defineClass' '(Ljava/lang/String;[BIILjava/security/ProtectionDomain;)Ljava/lang/Class;' in 'java/lang/ClassLoader'
  # this:     rdx:rdx   = 'java/lang/ClassLoader'
  # parm0:    r8:r8     = 'java/lang/String'
  # parm1:    r9:r9     = '[B'
  # parm2:    rdi       = int
  # parm3:    rsi       = int
  # parm4:    rcx:rcx   = 'java/security/ProtectionDomain'
  #           [sp+0xc0]  (sp of caller)
  0x000002e2d56b6ea0: 448b 5208 | 49bb 0000 | 0080 e202 | 0000 4d03 | d34c 3bd0 

  0x000002e2d56b6eb4: ;   {runtime_call ic_miss_stub}
  0x000002e2d56b6eb4: 0f85 c675 | 2207 660f | 1f44 0000 
[Verified Entry Point]
  0x000002e2d56b6ec0: 8984 2400 | 80ff ff55 | 4881 ecb0 | 0000 0090 | 4181 7f20 | 0100 0000 

  0x000002e2d56b6ed8: ;   {runtime_call StubRoutines (final stubs)}
  0x000002e2d56b6ed8: 7405 e801 | 1b21 0748 | 8954 2478 

  0x000002e2d56b6ee4: ;   {metadata(method data for {method} {0x000002e2804352d8} 'defineClass' '(Ljava/lang/String;[BIILjava/security/ProtectionDomain;)Ljava/lang/Class;' in 'java/lang/ClassLoader')}
  0x000002e2d56b6ee4: 48bb c84a | 37ea e202 | 0000 8b83 | cc00 0000 | 83c0 0289 | 83cc 0000 | 0025 fe07 | 0000 85c0 
  0x000002e2d56b6f04: 0f84 5803 | 0000 89b4 | 2494 0000 | 0089 bc24 | 9000 0000 | 4c89 8c24 | 8800 0000 

  0x000002e2d56b6f20: ;   {metadata(method data for {method} {0x000002e2804352d8} 'defineClass' '(Ljava/lang/String;[BIILjava/security/ProtectionDomain;)Ljava/lang/Class;' in 'java/lang/ClassLoader')}
  0x000002e2d56b6f20: 488b da48 | b8c8 4a37 | eae2 0200 | 0048 8380 | 1001 0000 | 0149 8bd8 | 4c8b c34c | 8bc9 488b 
  0x000002e2d56b6f40: ca48 8bd1 | 4889 9c24 | 8000 0000 

  0x000002e2d56b6f4c: ;   {optimized virtual_call}
  0x000002e2d56b6f4c: 6666 90e8 

  0x000002e2d56b6f50: ; ImmutableOopMap {[120]=Oop [128]=Oop [136]=Oop }
                      ;*invokevirtual preDefineClass {reexecute=0 rethrow=0 return_oop=0}
                      ; - java.lang.ClassLoader::defineClass@4
  0x000002e2d56b6f50: ccb7 eeff 

  0x000002e2d56b6f54: ;   {other}
  0x000002e2d56b6f54: 0f1f 8400 | c402 0000 | 4889 8424 | 9800 0000 | 488b 5424 

  0x000002e2d56b6f68: ;   {metadata(method data for {method} {0x000002e2804352d8} 'defineClass' '(Ljava/lang/String;[BIILjava/security/ProtectionDomain;)Ljava/lang/Class;' in 'java/lang/ClassLoader')}
  0x000002e2d56b6f68: 7849 b8c8 | 4a37 eae2 | 0200 0049 | 8380 4801 

  0x000002e2d56b6f78: ;   {metadata(method data for {method} {0x000002e280434fc0} 'defineClassSourceLocation' '(Ljava/security/ProtectionDomain;)Ljava/lang/String;' in 'java/lang/ClassLoader')}
  0x000002e2d56b6f78: 0000 0149 | b8e0 5137 | eae2 0200 | 0041 8b90 | cc00 0000 | 83c2 0241 | 8990 cc00 | 0000 81e2 
  0x000002e2d56b6f98: feff 1f00 | 85d2 0f84 | df02 0000 

  0x000002e2d56b6fa4: ; implicit exception: dispatches to 0x000002e2d56b72a4
  0x000002e2d56b6fa4: 483b 004c 

  0x000002e2d56b6fa8: ;   {metadata(method data for {method} {0x000002e280434fc0} 'defineClassSourceLocation' '(Ljava/security/ProtectionDomain;)Ljava/lang/String;' in 'java/lang/ClassLoader')}
  0x000002e2d56b6fa8: 8bc0 48ba | e051 37ea | e202 0000 | 4883 8210 | 0100 0001 | 448b 4010 

  0x000002e2d56b6fc0: ;   {metadata(method data for {method} {0x000002e280434fc0} 'defineClassSourceLocation' '(Ljava/security/ProtectionDomain;)Ljava/lang/String;' in 'java/lang/ClassLoader')}
  0x000002e2d56b6fc0: 4d85 c048 | bae0 5137 | eae2 0200 | 0048 c7c6 | 5801 0000 | 7507 48c7 | c648 0100 | 0048 8b3c 
  0x000002e2d56b6fe0: 3248 8d7f | 0148 893c | 320f 850f 

  0x000002e2d56b6fec: ;   {oop(nullptr)}
  0x000002e2d56b6fec: 0000 0048 | bb00 0000 | 0000 0000 | 00e9 a901 | 0000 493b | 0049 8bd0 

  0x000002e2d56b7004: ;   {metadata(method data for {method} {0x000002e280434fc0} 'defineClassSourceLocation' '(Ljava/security/ProtectionDomain;)Ljava/lang/String;' in 'java/lang/ClassLoader')}
  0x000002e2d56b7004: 48be e051 | 37ea e202 | 0000 4883 | 8668 0100 | 0001 418b | 500c 4885 

  0x000002e2d56b701c: ;   {metadata(method data for {method} {0x000002e280434fc0} 'defineClassSourceLocation' '(Ljava/security/ProtectionDomain;)Ljava/lang/String;' in 'java/lang/ClassLoader')}
  0x000002e2d56b701c: d248 bee0 | 5137 eae2 | 0200 0048 | c7c7 b001 | 0000 7507 | 48c7 c7a0 | 0100 0048 | 8b1c 3e48 
  0x000002e2d56b703c: 8d5b 0148 | 891c 3e0f | 850f 0000 

  0x000002e2d56b7048: ;   {oop(nullptr)}
  0x000002e2d56b7048: 0048 bb00 | 0000 0000 | 0000 00e9 | 4f01 0000 

  0x000002e2d56b7058: ;   {metadata(method data for {method} {0x000002e280434fc0} 'defineClassSourceLocation' '(Ljava/security/ProtectionDomain;)Ljava/lang/String;' in 'java/lang/ClassLoader')}
  0x000002e2d56b7058: 48be e051 | 37ea e202 | 0000 4883 | 86c0 0100 | 0001 483b | 024c 8bc2 

  0x000002e2d56b7070: ;   {metadata(method data for {method} {0x000002e280434fc0} 'defineClassSourceLocation' '(Ljava/security/ProtectionDomain;)Ljava/lang/String;' in 'java/lang/ClassLoader')}
  0x000002e2d56b7070: 48be e051 | 37ea e202 | 0000 4883 | 86f8 0100 

  0x000002e2d56b7080: ;   {metadata(method data for {method} {0x000002e28001abf0} 'toString' '()Ljava/lang/String;' in 'java/net/URL')}
  0x000002e2d56b7080: 0001 49b8 | b045 37ea | e202 0000 | 418b b0cc | 0000 0083 | c602 4189 | b0cc 0000 | 0081 e6fe 
  0x000002e2d56b70a0: ff1f 0085 | f60f 8408 | 0200 004c 

  0x000002e2d56b70ac: ;   {metadata(method data for {method} {0x000002e28001abf0} 'toString' '()Ljava/lang/String;' in 'java/net/URL')}
  0x000002e2d56b70ac: 8bc2 48be | b045 37ea | e202 0000 | 4883 8610 | 0100 0001 

  0x000002e2d56b70c0: ;   {metadata(method data for {method} {0x000002e280428b60} 'toExternalForm' '()Ljava/lang/String;' in 'java/net/URL')}
  0x000002e2d56b70c0: 49b8 60e0 | 36ea e202 | 0000 418b | b0cc 0000 | 0083 c602 | 4189 b0cc | 0000 0081 | e6fe ff1f 
  0x000002e2d56b70e0: 0085 f60f | 84eb 0100 | 008b 7238 

  0x000002e2d56b70ec: ; implicit exception: dispatches to 0x000002e2d56b72f5
  0x000002e2d56b70ec: 483b 064c 

  0x000002e2d56b70f0: ;   {metadata(method data for {method} {0x000002e280428b60} 'toExternalForm' '()Ljava/lang/String;' in 'java/net/URL')}
  0x000002e2d56b70f0: 8bc6 48bf | 60e0 36ea | e202 0000 | 458b 4008 | 49ba 0000 | 0080 e202 | 0000 4d03 | c24c 3b87 
  0x000002e2d56b7110: 2001 0000 | 750d 4883 | 8728 0100 | 0001 e960 | 0000 004c | 3b87 3001 | 0000 750d | 4883 8738 
  0x000002e2d56b7130: 0100 0001 | e94a 0000 | 0048 83bf | 2001 0000 | 0075 174c | 8987 2001 | 0000 48c7 | 8728 0100 
  0x000002e2d56b7150: 0001 0000 | 00e9 2900 | 0000 4883 | bf30 0100 | 0000 7517 | 4c89 8730 | 0100 0048 | c787 3801 
  0x000002e2d56b7170: 0000 0100 | 0000 e908 | 0000 0048 | 8387 1001 | 0000 014c | 8bc2 488b | d60f 1f40 | 0048 b8ff 
  0x000002e2d56b7190: ffff ffff 

  0x000002e2d56b7194: ;   {virtual_call}
  0x000002e2d56b7194: ffff ffe8 

  0x000002e2d56b7198: ; ImmutableOopMap {[120]=Oop [128]=Oop [136]=Oop [152]=Oop }
                      ;*invokevirtual toExternalForm {reexecute=0 rethrow=0 return_oop=0}
                      ; - java.net.URL::toExternalForm@5
                      ; - java.net.URL::toString@1
                      ; - java.lang.ClassLoader::defineClassSourceLocation@22
                      ; - java.lang.ClassLoader::defineClass@12
  0x000002e2d56b7198: 1433 2e07 

  0x000002e2d56b719c: ;   {other}
  0x000002e2d56b719c: 0f1f 8400 | 0c05 0001 | 488b d848 | 8b84 2498 | 0000 008b | b424 9400 | 0000 8bbc | 2490 0000 
  0x000002e2d56b71bc: 004c 8b8c | 2488 0000 | 004c 8b84 | 2480 0000 | 0048 8b54 

  0x000002e2d56b71d0: ;   {metadata(method data for {method} {0x000002e2804352d8} 'defineClass' '(Ljava/lang/String;[BIILjava/security/ProtectionDomain;)Ljava/lang/Class;' in 'java/lang/ClassLoader')}
  0x000002e2d56b71d0: 2478 48b9 | c84a 37ea | e202 0000 | 4883 8180 | 0100 0001 | 4c8b da49 | 8bd3 488b | c848 891c 
  0x000002e2d56b71f0: 2466 0f1f 

  0x000002e2d56b71f4: ;   {static_call}
  0x000002e2d56b71f4: 4400 00e8 

  0x000002e2d56b71f8: ; ImmutableOopMap {[120]=Oop [152]=Oop }
                      ;*invokestatic defineClass1 {reexecute=0 rethrow=0 return_oop=0}
                      ; - java.lang.ClassLoader::defineClass@27
  0x000002e2d56b71f8: e40a 7f07 

  0x000002e2d56b71fc: ;   {other}
  0x000002e2d56b71fc: 0f1f 8400 | 6c05 0002 | 488b 5424 

  0x000002e2d56b7208: ;   {metadata(method data for {method} {0x000002e2804352d8} 'defineClass' '(Ljava/lang/String;[BIILjava/security/ProtectionDomain;)Ljava/lang/Class;' in 'java/lang/ClassLoader')}
  0x000002e2d56b7208: 7849 b8c8 | 4a37 eae2 | 0200 0049 | 8380 9001 | 0000 014c | 8bc0 4c8b | 8c24 9800 | 0000 488b 
  0x000002e2d56b7228: 5424 7848 | 8984 24a0 | 0000 000f 

  0x000002e2d56b7234: ;   {optimized virtual_call}
  0x000002e2d56b7234: 1f40 00e8 

  0x000002e2d56b7238: ; ImmutableOopMap {[160]=Oop }
                      ;*invokevirtual postDefineClass {reexecute=0 rethrow=0 return_oop=0}
                      ; - java.lang.ClassLoader::defineClass@37
  0x000002e2d56b7238: e4e5 f7ff 

  0x000002e2d56b723c: ;   {other}
  0x000002e2d56b723c: 0f1f 8400 | ac05 0003 | 488b 8424 | a000 0000 | 4881 c4b0 | 0000 005d 

  0x000002e2d56b7254: ;   {poll_return}
  0x000002e2d56b7254: 493b a750 | 0400 000f | 8799 0000 

  0x000002e2d56b7260: ;   {metadata({method} {0x000002e2804352d8} 'defineClass' '(Ljava/lang/String;[BIILjava/security/ProtectionDomain;)Ljava/lang/Class;' in 'java/lang/ClassLoader')}
  0x000002e2d56b7260: 00c3 49ba | d052 4380 | e202 0000 | 4c89 5424 | 0848 c704 | 24ff ffff 

  0x000002e2d56b7278: ;   {runtime_call counter_overflow Runtime1 stub}
  0x000002e2d56b7278: ffe8 02ea 

  0x000002e2d56b727c: ; ImmutableOopMap {rdx=Oop r8=Oop r9=Oop rcx=Oop [120]=Oop }
                      ;*synchronization entry
                      ; - java.lang.ClassLoader::defineClass@-1
  0x000002e2d56b727c: 2d07 e987 

  0x000002e2d56b7280: ;   {metadata({method} {0x000002e280434fc0} 'defineClassSourceLocation' '(Ljava/security/ProtectionDomain;)Ljava/lang/String;' in 'java/lang/ClassLoader')}
  0x000002e2d56b7280: fcff ff49 | bab8 4f43 | 80e2 0200 | 004c 8954 | 2408 48c7 | 0424 ffff 

  0x000002e2d56b7298: ;   {runtime_call counter_overflow Runtime1 stub}
  0x000002e2d56b7298: ffff e8e1 

  0x000002e2d56b729c: ; ImmutableOopMap {rax=Oop [120]=Oop [128]=Oop [136]=Oop [152]=Oop }
                      ;*synchronization entry
                      ; - java.lang.ClassLoader::defineClassSourceLocation@-1
                      ; - java.lang.ClassLoader::defineClass@12
  0x000002e2d56b729c: e92d 07e9 | 00fd ffff 

  0x000002e2d56b72a4: ;   {runtime_call throw_null_pointer_exception Runtime1 stub}
  0x000002e2d56b72a4: e857 ad24 

  0x000002e2d56b72a8: ; ImmutableOopMap {rax=Oop [120]=Oop [128]=Oop [136]=Oop [152]=Oop }
                      ;*invokevirtual getCodeSource {reexecute=0 rethrow=0 return_oop=0}
                      ; - java.lang.ClassLoader::defineClassSourceLocation@1
                      ; - java.lang.ClassLoader::defineClass@12
                      ;   {runtime_call throw_null_pointer_exception Runtime1 stub}
  0x000002e2d56b72a8: 07e8 52ad 

  0x000002e2d56b72ac: ; ImmutableOopMap {rax=Oop r8=Oop [120]=Oop [128]=Oop [136]=Oop [152]=Oop }
                      ;*invokevirtual getLocation {reexecute=0 rethrow=0 return_oop=0}
                      ; - java.lang.ClassLoader::defineClassSourceLocation@12
                      ; - java.lang.ClassLoader::defineClass@12
                      ;   {runtime_call throw_null_pointer_exception Runtime1 stub}
  0x000002e2d56b72ac: 2407 e84d 

  0x000002e2d56b72b0: ; ImmutableOopMap {rdx=Oop [120]=Oop [128]=Oop [136]=Oop [152]=Oop }
                      ;*invokevirtual toString {reexecute=0 rethrow=0 return_oop=0}
                      ; - java.lang.ClassLoader::defineClassSourceLocation@22
                      ; - java.lang.ClassLoader::defineClass@12
                      ;   {metadata({method} {0x000002e28001abf0} 'toString' '()Ljava/lang/String;' in 'java/net/URL')}
  0x000002e2d56b72b0: ad24 0749 | bae8 ab01 | 80e2 0200 | 004c 8954 | 2408 48c7 | 0424 ffff 

  0x000002e2d56b72c8: ;   {runtime_call counter_overflow Runtime1 stub}
  0x000002e2d56b72c8: ffff e8b1 

  0x000002e2d56b72cc: ; ImmutableOopMap {rdx=Oop [120]=Oop [128]=Oop [136]=Oop [152]=Oop }
                      ;*synchronization entry
                      ; - java.net.URL::toString@-1
                      ; - java.lang.ClassLoader::defineClassSourceLocation@22
                      ; - java.lang.ClassLoader::defineClass@12
  0x000002e2d56b72cc: e92d 07e9 | d7fd ffff 

  0x000002e2d56b72d4: ;   {metadata({method} {0x000002e280428b60} 'toExternalForm' '()Ljava/lang/String;' in 'java/net/URL')}
  0x000002e2d56b72d4: 49ba 588b | 4280 e202 | 0000 4c89 | 5424 0848 | c704 24ff 

  0x000002e2d56b72e8: ;   {runtime_call counter_overflow Runtime1 stub}
  0x000002e2d56b72e8: ffff ffe8 

  0x000002e2d56b72ec: ; ImmutableOopMap {rdx=Oop [120]=Oop [128]=Oop [136]=Oop [152]=Oop }
                      ;*synchronization entry
                      ; - java.net.URL::toExternalForm@-1
                      ; - java.net.URL::toString@1
                      ; - java.lang.ClassLoader::defineClassSourceLocation@22
                      ; - java.lang.ClassLoader::defineClass@12
  0x000002e2d56b72ec: 90e9 2d07 | e9f4 fdff 

  0x000002e2d56b72f4: ;   {runtime_call throw_null_pointer_exception Runtime1 stub}
  0x000002e2d56b72f4: ffe8 06ad 

  0x000002e2d56b72f8: ; ImmutableOopMap {rdx=Oop rsi=Oop [120]=Oop [128]=Oop [136]=Oop [152]=Oop }
                      ;*invokevirtual toExternalForm {reexecute=0 rethrow=0 return_oop=0}
                      ; - java.net.URL::toExternalForm@5
                      ; - java.net.URL::toString@1
                      ; - java.lang.ClassLoader::defineClassSourceLocation@22
                      ; - java.lang.ClassLoader::defineClass@12
                      ;   {internal_word}
  0x000002e2d56b72f8: 2407 49ba | 5472 6bd5 | e202 0000 | 4d89 9768 

  0x000002e2d56b7308: ;   {runtime_call SafepointBlob}
  0x000002e2d56b7308: 0400 00e9 | f0d7 2207 | 498b 8700 | 0500 0049 | c787 0005 | 0000 0000 | 0000 49c7 | 8708 0500 
  0x000002e2d56b7328: 0000 0000 | 0048 81c4 | b000 0000 

  0x000002e2d56b7334: ;   {runtime_call unwind_exception Runtime1 stub}
  0x000002e2d56b7334: 5de9 c6bb | 2407 f4f4 | f4f4 f4f4 
[Stub Code]
  0x000002e2d56b7340: ;   {no_reloc}
  0x000002e2d56b7340: 0f1f 4400 

  0x000002e2d56b7344: ;   {static_stub}
  0x000002e2d56b7344: 0048 bb00 | 0000 0000 

  0x000002e2d56b734c: ;   {runtime_call nmethod}
  0x000002e2d56b734c: 0000 00e9 | fbff ffff 

  0x000002e2d56b7354: ;   {static_stub}
  0x000002e2d56b7354: 48bb 0000 | 0000 0000 

  0x000002e2d56b735c: ;   {runtime_call nmethod}
  0x000002e2d56b735c: 0000 e9fb 

  0x000002e2d56b7360: ;   {static_stub}
  0x000002e2d56b7360: ffff ff48 | bb00 0000 | 0000 0000 

  0x000002e2d56b736c: ;   {runtime_call nmethod}
  0x000002e2d56b736c: 00e9 fbff 

  0x000002e2d56b7370: ;   {static_stub}
  0x000002e2d56b7370: ffff 48bb | 0000 0000 | 0000 0000 

  0x000002e2d56b737c: ;   {runtime_call nmethod}
  0x000002e2d56b737c: e9fb ffff 

  0x000002e2d56b7380: ;   {runtime_call handle_exception_from_callee Runtime1 stub}
  0x000002e2d56b7380: ffe8 7a8e 

  0x000002e2d56b7384: ;   {external_word}
  0x000002e2d56b7384: 2407 48b9 | 4053 17b6 | fa7f 0000 | 4883 e4f0 

  0x000002e2d56b7394: ;   {runtime_call}
  0x000002e2d56b7394: 48b8 b0c3 | d9b5 fa7f | 0000 ffd0 

  0x000002e2d56b73a0: ;   {section_word}
  0x000002e2d56b73a0: f449 baa1 | 736b d5e2 | 0200 0041 

  0x000002e2d56b73ac: ;   {runtime_call DeoptimizationBlob}
  0x000002e2d56b73ac: 52e9 eec9 | 2207 f4f4 | f4f4 f4f4 
[/MachCode]


Compiled method (c1) 19222 2975   !   3       org.eclipse.osgi.internal.loader.ModuleClassLoader::defineClass (67 bytes)
 total in heap  [0x000002e2d5943210,0x000002e2d5943df0] = 3040
 relocation     [0x000002e2d5943370,0x000002e2d5943418] = 168
 main code      [0x000002e2d5943420,0x000002e2d5943a20] = 1536
 stub code      [0x000002e2d5943a20,0x000002e2d5943a90] = 112
 oops           [0x000002e2d5943a90,0x000002e2d5943a98] = 8
 metadata       [0x000002e2d5943a98,0x000002e2d5943ad8] = 64
 scopes data    [0x000002e2d5943ad8,0x000002e2d5943c28] = 336
 scopes pcs     [0x000002e2d5943c28,0x000002e2d5943d38] = 272
 dependencies   [0x000002e2d5943d38,0x000002e2d5943d50] = 24
 handler table  [0x000002e2d5943d50,0x000002e2d5943dc8] = 120
 nul chk table  [0x000002e2d5943dc8,0x000002e2d5943df0] = 40

[Constant Pool (empty)]

[MachCode]
[Entry Point]
  # {method} {0x000002e2ea624f30} 'defineClass' '(Ljava/lang/String;[BLorg/eclipse/osgi/internal/loader/classpath/ClasspathEntry;)Lorg/eclipse/osgi/internal/loader/ModuleClassLoader$DefineClassResult;' in 'org/eclipse/osgi/internal/loader/ModuleClassLoader'
  # this:     rdx:rdx   = 'org/eclipse/osgi/internal/loader/ModuleClassLoader'
  # parm0:    r8:r8     = 'java/lang/String'
  # parm1:    r9:r9     = '[B'
  # parm2:    rdi:rdi   = 'org/eclipse/osgi/internal/loader/classpath/ClasspathEntry'
  #           [sp+0xb0]  (sp of caller)
  0x000002e2d5943420: 448b 5208 | 49bb 0000 | 0080 e202 | 0000 4d03 | d34c 3bd0 

  0x000002e2d5943434: ;   {runtime_call ic_miss_stub}
  0x000002e2d5943434: 0f85 46b0 | f906 660f | 1f44 0000 
[Verified Entry Point]
  0x000002e2d5943440: 8984 2400 | 80ff ff55 | 4881 eca0 | 0000 0090 | 4181 7f20 | 0100 0000 

  0x000002e2d5943458: ;   {runtime_call StubRoutines (final stubs)}
  0x000002e2d5943458: 7405 e881 

  0x000002e2d594345c: ;   {metadata(method data for {method} {0x000002e2ea624f30} 'defineClass' '(Ljava/lang/String;[BLorg/eclipse/osgi/internal/loader/classpath/ClasspathEntry;)Lorg/eclipse/osgi/internal/loader/ModuleClassLoader$DefineClassResult;' in 'org/eclipse/osgi/internal/loader/ModuleClassLoader')}
  0x000002e2d594345c: 55f8 0648 | be60 aeac | eae2 0200 | 008b 9ecc | 0000 0083 | c302 899e | cc00 0000 | 81e3 fe07 
  0x000002e2d594347c: 0000 85db | 0f84 5304 | 0000 4889 | 7c24 704c | 894c 2468 

  0x000002e2d5943490: ;   {metadata(method data for {method} {0x000002e2ea624f30} 'defineClass' '(Ljava/lang/String;[BLorg/eclipse/osgi/internal/loader/classpath/ClasspathEntry;)Lorg/eclipse/osgi/internal/loader/ModuleClassLoader$DefineClassResult;' in 'org/eclipse/osgi/internal/loader/ModuleClassLoader')}
  0x000002e2d5943490: 488b f248 | bb60 aeac | eae2 0200 | 008b 7608 | 49ba 0000 | 0080 e202 | 0000 4903 | f248 3bb3 
  0x000002e2d59434b0: 2001 0000 | 750d 4883 | 8328 0100 | 0001 e960 | 0000 0048 | 3bb3 3001 | 0000 750d | 4883 8338 
  0x000002e2d59434d0: 0100 0001 | e94a 0000 | 0048 83bb | 2001 0000 | 0075 1748 | 89b3 2001 | 0000 48c7 | 8328 0100 
  0x000002e2d59434f0: 0001 0000 | 00e9 2900 | 0000 4883 | bb30 0100 | 0000 7517 | 4889 b330 | 0100 0048 | c783 3801 
  0x000002e2d5943510: 0000 0100 | 0000 e908 | 0000 0048 | 8383 1001 

  0x000002e2d5943520: ;   {metadata(method data for {method} {0x000002e2ea625d68} 'getClassLoadingLock' '(Ljava/lang/String;)Ljava/lang/Object;' in 'org/eclipse/osgi/internal/loader/ModuleClassLoader')}
  0x000002e2d5943520: 0000 0148 | bea0 f48a | eae2 0200 | 008b 9ecc | 0000 0083 | c302 899e | cc00 0000 | 81e3 feff 
  0x000002e2d5943540: 1f00 85db | 0f84 b003 | 0000 8b72 | 5048 3b06 

  0x000002e2d5943550: ;   {metadata(method data for {method} {0x000002e2ea625d68} 'getClassLoadingLock' '(Ljava/lang/String;)Ljava/lang/Object;' in 'org/eclipse/osgi/internal/loader/ModuleClassLoader')}
  0x000002e2d5943550: 488b de48 | b8a0 f48a | eae2 0200 | 0048 8380 | 1001 0000 | 0149 8bd8 | 4c8b c348 | 8954 2458 
  0x000002e2d5943570: 488b d648 | 895c 2460 | 0f1f 8000 

  0x000002e2d594357c: ;   {optimized virtual_call}
  0x000002e2d594357c: 0000 00e8 

  0x000002e2d5943580: ; ImmutableOopMap {[88]=Oop [96]=Oop [104]=Oop [112]=Oop }
                      ;*invokevirtual getLock {reexecute=0 rethrow=0 return_oop=0}
                      ; - org.eclipse.osgi.internal.loader.ModuleClassLoader::getClassLoadingLock@5 (line 437)
                      ; - org.eclipse.osgi.internal.loader.ModuleClassLoader::defineClass@8 (line 312)
  0x000002e2d5943580: 7c2a eeff 

  0x000002e2d5943584: ;   {other}
  0x000002e2d5943584: 0f1f 8400 | 7403 0000 | 4889 4424 | 7848 8d94 | 2480 0000 | 0048 8bf0 | 4889 7208 

  0x000002e2d59435a0: ; implicit exception: dispatches to 0x000002e2d5943920
  0x000002e2d59435a0: 488b 0648 | 83c8 0148 | 8902 f048 | 0fb1 160f | 8412 0000 | 0048 2bc4 | 4825 07f0 | ffff 4889 
  0x000002e2d59435c0: 020f 855e | 0300 0049 | ff87 5005 | 0000 488b 

  0x000002e2d59435d0: ;   {metadata(method data for {method} {0x000002e2ea624f30} 'defineClass' '(Ljava/lang/String;[BLorg/eclipse/osgi/internal/loader/classpath/ClasspathEntry;)Lorg/eclipse/osgi/internal/loader/ModuleClassLoader$DefineClassResult;' in 'org/eclipse/osgi/internal/loader/ModuleClassLoader')}
  0x000002e2d59435d0: 5424 5848 | be60 aeac | eae2 0200 | 0048 8386 | 4801 0000 

  0x000002e2d59435e4: ;   {metadata(method data for {method} {0x000002e2804353e0} 'findLoadedClass' '(Ljava/lang/String;)Ljava/lang/Class;' in 'java/lang/ClassLoader')}
  0x000002e2d59435e4: 0148 baf0 | d823 eae2 | 0200 008b | b2cc 0000 | 0083 c602 | 89b2 cc00 | 0000 81e6 | feff 1f00 
  0x000002e2d5943604: 85f6 0f84 | 2c03 0000 

  0x000002e2d594360c: ;   {metadata(method data for {method} {0x000002e2804353e0} 'findLoadedClass' '(Ljava/lang/String;)Ljava/lang/Class;' in 'java/lang/ClassLoader')}
  0x000002e2d594360c: 48ba f0d8 | 23ea e202 | 0000 4883 | 8210 0100 | 0001 488b | 5424 600f 

  0x000002e2d5943624: ;   {static_call}
  0x000002e2d5943624: 1f40 00e8 

  0x000002e2d5943628: ; ImmutableOopMap {[88]=Oop [96]=Oop [104]=Oop [112]=Oop [120]=Oop [136]=Oop }
                      ;*invokestatic checkName {reexecute=0 rethrow=0 return_oop=0}
                      ; - java.lang.ClassLoader::findLoadedClass@1
                      ; - org.eclipse.osgi.internal.loader.ModuleClassLoader::defineClass@17 (line 313)
  0x000002e2d5943628: b458 6207 

  0x000002e2d594362c: ;   {other}
  0x000002e2d594362c: 0f1f 8400 | 1c04 0001 

  0x000002e2d5943634: ;   {metadata(method data for {method} {0x000002e2804353e0} 'findLoadedClass' '(Ljava/lang/String;)Ljava/lang/Class;' in 'java/lang/ClassLoader')}
  0x000002e2d5943634: 85c0 49b8 | f0d8 23ea | e202 0000 | 48c7 c220 | 0100 0075 | 0748 c7c2 | 3001 0000 | 498b 3410 
  0x000002e2d5943654: 488d 7601 | 4989 3410 | 0f85 0f00 

  0x000002e2d5943660: ;   {oop(nullptr)}
  0x000002e2d5943660: 0000 48be | 0000 0000 | 0000 0000 | e936 0000 | 0048 8b54 

  0x000002e2d5943674: ;   {metadata(method data for {method} {0x000002e2804353e0} 'findLoadedClass' '(Ljava/lang/String;)Ljava/lang/Class;' in 'java/lang/ClassLoader')}
  0x000002e2d5943674: 2458 49b8 | f0d8 23ea | e202 0000 | 4983 8040 | 0100 0001 | 4c8b 4424 | 6048 8b54 | 2458 0f1f 
  0x000002e2d5943694: ;   {optimized virtual_call}
  0x000002e2d5943694: 4400 00e8 

  0x000002e2d5943698: ; ImmutableOopMap {[88]=Oop [96]=Oop [104]=Oop [112]=Oop [120]=Oop [136]=Oop }
                      ;*invokevirtual findLoadedClass0 {reexecute=0 rethrow=0 return_oop=0}
                      ; - java.lang.ClassLoader::findLoadedClass@11
                      ; - org.eclipse.osgi.internal.loader.ModuleClassLoader::defineClass@17 (line 313)
  0x000002e2d5943698: 240c 5107 

  0x000002e2d594369c: ;   {other}
  0x000002e2d594369c: 0f1f 8400 | 8c04 0002 | 488b f048 

  0x000002e2d59436a8: ;   {metadata(method data for {method} {0x000002e2ea624f30} 'defineClass' '(Ljava/lang/String;[BLorg/eclipse/osgi/internal/loader/classpath/ClasspathEntry;)Lorg/eclipse/osgi/internal/loader/ModuleClassLoader$DefineClassResult;' in 'org/eclipse/osgi/internal/loader/ModuleClassLoader')}
  0x000002e2d59436a8: 85f6 49b8 | 60ae acea | e202 0000 | 49c7 c190 | 0100 0074 | 0749 c7c1 | 8001 0000 | 4b8b 3c08 
  0x000002e2d59436c8: 488d 7f01 | 4b89 3c08 | 0f84 0e00 | 0000 488b | de41 b800 | 0000 00e9 | 6900 0000 | 488b 7c24 
  0x000002e2d59436e8: 704c 8b4c | 2468 4c8b | 4424 6048 | 8b54 2458 

  0x000002e2d59436f8: ; implicit exception: dispatches to 0x000002e2d5943959
  0x000002e2d59436f8: 418b 710c 

  0x000002e2d59436fc: ; implicit exception: dispatches to 0x000002e2d594395e
  0x000002e2d59436fc: 483b 0748 

  0x000002e2d5943700: ;   {metadata(method data for {method} {0x000002e2ea624f30} 'defineClass' '(Ljava/lang/String;[BLorg/eclipse/osgi/internal/loader/classpath/ClasspathEntry;)Lorg/eclipse/osgi/internal/loader/ModuleClassLoader$DefineClassResult;' in 'org/eclipse/osgi/internal/loader/ModuleClassLoader')}
  0x000002e2d5943700: 8bcf 48bb | 60ae acea | e202 0000 | 4883 83b8 | 0100 0001 | 8b4f 1048 

  0x000002e2d5943718: ;   {metadata(method data for {method} {0x000002e2ea624f30} 'defineClass' '(Ljava/lang/String;[BLorg/eclipse/osgi/internal/loader/classpath/ClasspathEntry;)Lorg/eclipse/osgi/internal/loader/ModuleClassLoader$DefineClassResult;' in 'org/eclipse/osgi/internal/loader/ModuleClassLoader')}
  0x000002e2d5943718: 8bfa 48bb | 60ae acea | e202 0000 | 4883 83d8 | 0100 0001 | bf00 0000 | 0066 0f1f 

  0x000002e2d5943734: ;   {optimized virtual_call}
  0x000002e2d5943734: 4400 00e8 

  0x000002e2d5943738: ; ImmutableOopMap {[120]=Oop [136]=Oop }
                      ;*invokevirtual defineClass {reexecute=0 rethrow=0 return_oop=0}
                      ; - org.eclipse.osgi.internal.loader.ModuleClassLoader::defineClass@37 (line 315)
  0x000002e2d5943738: 8437 d7ff 

  0x000002e2d594373c: ;   {other}
  0x000002e2d594373c: 0f1f 8400 | 2c05 0003 | 488b d841 | b801 0000 | 0048 8d84 | 2480 0000 | 0048 8b10 | 4885 d20f 
  0x000002e2d594375c: 840f 0000 | 0048 8b70 | 08f0 480f | b116 0f85 | f301 0000 | 49ff 8f50 

  0x000002e2d5943774: ;   {metadata(method data for {method} {0x000002e2ea624f30} 'defineClass' '(Ljava/lang/String;[BLorg/eclipse/osgi/internal/loader/classpath/ClasspathEntry;)Lorg/eclipse/osgi/internal/loader/ModuleClassLoader$DefineClassResult;' in 'org/eclipse/osgi/internal/loader/ModuleClassLoader')}
  0x000002e2d5943774: 0500 0048 | ba60 aeac | eae2 0200 | 00ff 8210 

  0x000002e2d5943784: ;   {metadata('org/eclipse/osgi/internal/loader/ModuleClassLoader$DefineClassResult')}
  0x000002e2d5943784: 0200 0048 | ba10 6212 | 81e2 0200 | 0049 8b87 | b801 0000 | 488d 7818 | 493b bfc8 | 0100 000f 
  0x000002e2d59437a4: 87d0 0100 | 0049 89bf | b801 0000 | 48c7 0001 | 0000 0048 | 8bca 49ba | 0000 0080 | e202 0000 
  0x000002e2d59437c4: 492b ca89 | 4808 4833 | c989 480c | 4833 c948 | 8948 1048 

  0x000002e2d59437d8: ;   {metadata(method data for {method} {0x000002e2ea624f30} 'defineClass' '(Ljava/lang/String;[BLorg/eclipse/osgi/internal/loader/classpath/ClasspathEntry;)Lorg/eclipse/osgi/internal/loader/ModuleClassLoader$DefineClassResult;' in 'org/eclipse/osgi/internal/loader/ModuleClassLoader')}
  0x000002e2d59437d8: 8bf0 48bf | 60ae acea | e202 0000 | 4883 8728 | 0200 0001 

  0x000002e2d59437ec: ;   {metadata(method data for {method} {0x000002e2ea78ef38} '<init>' '(Ljava/lang/Class;Z)V' in 'org/eclipse/osgi/internal/loader/ModuleClassLoader$DefineClassResult')}
  0x000002e2d59437ec: 48be 00b4 | acea e202 | 0000 8bbe | cc00 0000 | 83c7 0289 | becc 0000 | 0081 e7fe | ff1f 0085 
  0x000002e2d594380c: ff0f 8473 | 0100 0048 

  0x000002e2d5943814: ;   {metadata(method data for {method} {0x000002e2ea78ef38} '<init>' '(Ljava/lang/Class;Z)V' in 'org/eclipse/osgi/internal/loader/ModuleClassLoader$DefineClassResult')}
  0x000002e2d5943814: 8bf0 48bf | 00b4 acea | e202 0000 | 4883 8710 | 0100 0001 

  0x000002e2d5943828: ;   {metadata(method data for {method} {0x000002e280474dc0} '<init>' '()V' in 'java/lang/Object')}
  0x000002e2d5943828: 48be 9067 | 00ea e202 | 0000 8bbe | cc00 0000 | 83c7 0289 | becc 0000 | 0081 e7fe | ff1f 0085 
  0x000002e2d5943848: ff0f 8458 | 0100 004c | 8bd3 4489 | 5010 488d | 3048 c1ee | 0948 bf00 | 0073 d1e2 | 0200 00c6 
  0x000002e2d5943868: 043e 0041 | 83e0 0144 | 8840 0c48 | 81c4 a000 

  0x000002e2d5943878: ;   {poll_return}
  0x000002e2d5943878: 0000 5d49 | 3ba7 5004 | 0000 0f87 | 4001 0000 | c349 8b87 | 0005 0000 | 4d33 d24d | 8997 0005 
  0x000002e2d5943898: 0000 4d33 | d24d 8997 | 0805 0000 | 488b f048 | 8d84 2480 | 0000 0048 | 8b38 4885 | ff0f 840f 
  0x000002e2d59438b8: 0000 0048 | 8b58 08f0 | 480f b13b | 0f85 1401 | 0000 49ff | 8f50 0500 | 0048 8bc6 | e938 0100 
  0x000002e2d59438d8: ;   {metadata({method} {0x000002e2ea624f30} 'defineClass' '(Ljava/lang/String;[BLorg/eclipse/osgi/internal/loader/classpath/ClasspathEntry;)Lorg/eclipse/osgi/internal/loader/ModuleClassLoader$DefineClassResult;' in 'org/eclipse/osgi/internal/loader/ModuleClassLoader')}
  0x000002e2d59438d8: 0049 ba28 | 4f62 eae2 | 0200 004c | 8954 2408 | 48c7 0424 | ffff ffff 

  0x000002e2d59438f0: ;   {runtime_call counter_overflow Runtime1 stub}
  0x000002e2d59438f0: e88b 2305 

  0x000002e2d59438f4: ; ImmutableOopMap {rdx=Oop r8=Oop r9=Oop rdi=Oop }
                      ;*synchronization entry
                      ; - org.eclipse.osgi.internal.loader.ModuleClassLoader::defineClass@-1 (line 310)
  0x000002e2d59438f4: 07e9 8cfb 

  0x000002e2d59438f8: ;   {metadata({method} {0x000002e2ea625d68} 'getClassLoadingLock' '(Ljava/lang/String;)Ljava/lang/Object;' in 'org/eclipse/osgi/internal/loader/ModuleClassLoader')}
  0x000002e2d59438f8: ffff 49ba | 605d 62ea | e202 0000 | 4c89 5424 | 0848 c704 | 24ff ffff 

  0x000002e2d5943910: ;   {runtime_call counter_overflow Runtime1 stub}
  0x000002e2d5943910: ffe8 6a23 

  0x000002e2d5943914: ; ImmutableOopMap {rdx=Oop r8=Oop [104]=Oop [112]=Oop }
                      ;*synchronization entry
                      ; - org.eclipse.osgi.internal.loader.ModuleClassLoader::getClassLoadingLock@-1 (line 437)
                      ; - org.eclipse.osgi.internal.loader.ModuleClassLoader::defineClass@8 (line 312)
  0x000002e2d5943914: 0507 e92f 

  0x000002e2d5943918: ;   {runtime_call throw_null_pointer_exception Runtime1 stub}
  0x000002e2d5943918: fcff ffe8 

  0x000002e2d594391c: ; ImmutableOopMap {rdx=Oop r8=Oop rsi=Oop [104]=Oop [112]=Oop }
                      ;*invokevirtual getLock {reexecute=0 rethrow=0 return_oop=0}
                      ; - org.eclipse.osgi.internal.loader.ModuleClassLoader::getClassLoadingLock@5 (line 437)
                      ; - org.eclipse.osgi.internal.loader.ModuleClassLoader::defineClass@8 (line 312)
  0x000002e2d594391c: e0e6 fb06 

  0x000002e2d5943920: ;   {runtime_call throw_null_pointer_exception Runtime1 stub}
  0x000002e2d5943920: e8db e6fb 

  0x000002e2d5943924: ; ImmutableOopMap {rsi=Oop [88]=Oop [96]=Oop [104]=Oop [112]=Oop [120]=Oop }
                      ;*monitorenter {reexecute=0 rethrow=0 return_oop=0}
                      ; - org.eclipse.osgi.internal.loader.ModuleClassLoader::defineClass@14 (line 312)
  0x000002e2d5943924: 0648 8974 | 2408 4889 

  0x000002e2d594392c: ;   {runtime_call monitorenter_nofpu Runtime1 stub}
  0x000002e2d594392c: 1424 e84d 

  0x000002e2d5943930: ; ImmutableOopMap {rsi=Oop [88]=Oop [96]=Oop [104]=Oop [112]=Oop [120]=Oop [136]=Oop }
                      ;*monitorenter {reexecute=0 rethrow=0 return_oop=0}
                      ; - org.eclipse.osgi.internal.loader.ModuleClassLoader::defineClass@14 (line 312)
  0x000002e2d5943930: 0205 07e9 | 96fc ffff 

  0x000002e2d5943938: ;   {metadata({method} {0x000002e2804353e0} 'findLoadedClass' '(Ljava/lang/String;)Ljava/lang/Class;' in 'java/lang/ClassLoader')}
  0x000002e2d5943938: 49ba d853 | 4380 e202 | 0000 4c89 | 5424 0848 | c704 24ff 

  0x000002e2d594394c: ;   {runtime_call counter_overflow Runtime1 stub}
  0x000002e2d594394c: ffff ffe8 

  0x000002e2d5943950: ; ImmutableOopMap {[88]=Oop [96]=Oop [104]=Oop [112]=Oop [120]=Oop [136]=Oop }
                      ;*synchronization entry
                      ; - java.lang.ClassLoader::findLoadedClass@-1
                      ; - org.eclipse.osgi.internal.loader.ModuleClassLoader::defineClass@17 (line 313)
  0x000002e2d5943950: 2c23 0507 | e9b3 fcff 

  0x000002e2d5943958: ;   {runtime_call throw_null_pointer_exception Runtime1 stub}
  0x000002e2d5943958: ffe8 a2e6 

  0x000002e2d594395c: ; ImmutableOopMap {rdx=Oop r8=Oop r9=Oop rdi=Oop [120]=Oop [136]=Oop }
                      ;*arraylength {reexecute=0 rethrow=0 return_oop=0}
                      ; - org.eclipse.osgi.internal.loader.ModuleClassLoader::defineClass@32 (line 315)
                      ;   {runtime_call throw_null_pointer_exception Runtime1 stub}
  0x000002e2d594395c: fb06 e89d 

  0x000002e2d5943960: ; ImmutableOopMap {rdx=Oop r8=Oop r9=Oop rdi=Oop [120]=Oop [136]=Oop }
                      ;*invokevirtual getDomain {reexecute=0 rethrow=0 return_oop=0}
                      ; - org.eclipse.osgi.internal.loader.ModuleClassLoader::defineClass@34 (line 315)
  0x000002e2d5943960: e6fb 0648 | 8d84 2480 | 0000 0048 

  0x000002e2d594396c: ;   {runtime_call monitorexit_nofpu Runtime1 stub}
  0x000002e2d594396c: 8904 24e8 | 0c08 0507 | e9fe fdff | ff48 8bd2 

  0x000002e2d594397c: ;   {runtime_call fast_new_instance Runtime1 stub}
  0x000002e2d594397c: e87f ddfb 

  0x000002e2d5943980: ; ImmutableOopMap {rbx=Oop }
                      ;*new {reexecute=0 rethrow=0 return_oop=0}
                      ; - org.eclipse.osgi.internal.loader.ModuleClassLoader::defineClass@55 (line 319)
  0x000002e2d5943980: 06e9 51fe 

  0x000002e2d5943984: ;   {metadata({method} {0x000002e2ea78ef38} '<init>' '(Ljava/lang/Class;Z)V' in 'org/eclipse/osgi/internal/loader/ModuleClassLoader$DefineClassResult')}
  0x000002e2d5943984: ffff 49ba | 30ef 78ea | e202 0000 | 4c89 5424 | 0848 c704 | 24ff ffff 

  0x000002e2d594399c: ;   {runtime_call counter_overflow Runtime1 stub}
  0x000002e2d594399c: ffe8 de22 

  0x000002e2d59439a0: ; ImmutableOopMap {rbx=Oop rax=Oop }
                      ;*synchronization entry
                      ; - org.eclipse.osgi.internal.loader.ModuleClassLoader$DefineClassResult::<init>@-1 (line 96)
                      ; - org.eclipse.osgi.internal.loader.ModuleClassLoader::defineClass@63 (line 319)
  0x000002e2d59439a0: 0507 e96c 

  0x000002e2d59439a4: ;   {metadata({method} {0x000002e280474dc0} '<init>' '()V' in 'java/lang/Object')}
  0x000002e2d59439a4: feff ff49 | bab8 4d47 | 80e2 0200 | 004c 8954 | 2408 48c7 | 0424 ffff 

  0x000002e2d59439bc: ;   {runtime_call counter_overflow Runtime1 stub}
  0x000002e2d59439bc: ffff e8bd 

  0x000002e2d59439c0: ; ImmutableOopMap {rbx=Oop rax=Oop }
                      ;*synchronization entry
                      ; - java.lang.Object::<init>@-1
                      ; - org.eclipse.osgi.internal.loader.ModuleClassLoader$DefineClassResult::<init>@1 (line 96)
                      ; - org.eclipse.osgi.internal.loader.ModuleClassLoader::defineClass@63 (line 319)
  0x000002e2d59439c0: 2205 07e9 | 87fe ffff 

  0x000002e2d59439c8: ;   {internal_word}
  0x000002e2d59439c8: 49ba 7b38 | 94d5 e202 | 0000 4d89 | 9768 0400 

  0x000002e2d59439d8: ;   {runtime_call SafepointBlob}
  0x000002e2d59439d8: 00e9 2211 | fa06 488d | 8424 8000 | 0000 4889 

  0x000002e2d59439e8: ;   {runtime_call monitorexit_nofpu Runtime1 stub}
  0x000002e2d59439e8: 0424 e891 | 0705 07e9 | ddfe ffff | 498b 8700 | 0500 0049 | c787 0005 | 0000 0000 | 0000 49c7 
  0x000002e2d5943a08: 8708 0500 | 0000 0000 | 0048 81c4 | a000 0000 

  0x000002e2d5943a18: ;   {runtime_call unwind_exception Runtime1 stub}
  0x000002e2d5943a18: 5de9 e2f4 | fb06 f4f4 
[Stub Code]
  0x000002e2d5943a20: ;   {no_reloc}
  0x000002e2d5943a20: 48bb 0000 | 0000 0000 

  0x000002e2d5943a28: ;   {runtime_call nmethod}
  0x000002e2d5943a28: 0000 e9fb 

  0x000002e2d5943a2c: ;   {static_stub}
  0x000002e2d5943a2c: ffff ff48 | bb00 0000 | 0000 0000 

  0x000002e2d5943a38: ;   {runtime_call nmethod}
  0x000002e2d5943a38: 00e9 fbff 

  0x000002e2d5943a3c: ;   {static_stub}
  0x000002e2d5943a3c: ffff 48bb | 0000 0000 | 0000 0000 

  0x000002e2d5943a48: ;   {runtime_call nmethod}
  0x000002e2d5943a48: e9fb ffff 

  0x000002e2d5943a4c: ;   {static_stub}
  0x000002e2d5943a4c: ff48 bb00 | 0000 0000 

  0x000002e2d5943a54: ;   {runtime_call nmethod}
  0x000002e2d5943a54: 0000 00e9 | fbff ffff 
[Exception Handler]
  0x000002e2d5943a5c: ;   {runtime_call handle_exception_from_callee Runtime1 stub}
  0x000002e2d5943a5c: e89f c7fb 

  0x000002e2d5943a60: ;   {external_word}
  0x000002e2d5943a60: 0648 b940 | 5317 b6fa | 7f00 0048 

  0x000002e2d5943a6c: ;   {runtime_call}
  0x000002e2d5943a6c: 83e4 f048 | b8b0 c3d9 | b5fa 7f00 | 00ff d0f4 
[Deopt Handler Code]
  0x000002e2d5943a7c: ;   {section_word}
  0x000002e2d5943a7c: 49ba 7c3a | 94d5 e202 | 0000 4152 

  0x000002e2d5943a88: ;   {runtime_call DeoptimizationBlob}
  0x000002e2d5943a88: e913 03fa | 06f4 f4f4 
[/MachCode]


---------------  P R O C E S S  ---------------

Threads class SMR info:
_java_thread_list=0x000002e2ee7c7190, length=21, elements={
0x000002e2d2150cc0, 0x000002e2e8b3cc30, 0x000002e2e8b3e540, 0x000002e2e8b41ee0,
0x000002e2e8b42c00, 0x000002e2e8b43920, 0x000002e2e8b45390, 0x000002e2e8b461d0,
0x000002e2e8bb9080, 0x000002e2e9924a20, 0x000002e2e9999fa0, 0x000002e2ee4d2fd0,
0x000002e2ee187750, 0x000002e2e8b97d50, 0x000002e2ee3d1c60, 0x000002e2ee7f0140,
0x000002e2eeb33f70, 0x000002e2ee9adb70, 0x000002e2ee8c2710, 0x000002e2ee8c2da0,
0x000002e2ee8c3430
}

Java Threads: ( => current thread )
  0x000002e2d2150cc0 JavaThread "main"                              [_thread_blocked, id=16724, stack(0x000000f2eff00000,0x000000f2f0000000) (1024K)]
  0x000002e2e8b3cc30 JavaThread "Reference Handler"          daemon [_thread_blocked, id=23844, stack(0x000000f2f0300000,0x000000f2f0400000) (1024K)]
  0x000002e2e8b3e540 JavaThread "Finalizer"                  daemon [_thread_blocked, id=3208, stack(0x000000f2f0400000,0x000000f2f0500000) (1024K)]
  0x000002e2e8b41ee0 JavaThread "Signal Dispatcher"          daemon [_thread_blocked, id=17904, stack(0x000000f2f0500000,0x000000f2f0600000) (1024K)]
  0x000002e2e8b42c00 JavaThread "Attach Listener"            daemon [_thread_blocked, id=8600, stack(0x000000f2f0600000,0x000000f2f0700000) (1024K)]
  0x000002e2e8b43920 JavaThread "Service Thread"             daemon [_thread_blocked, id=23944, stack(0x000000f2f0700000,0x000000f2f0800000) (1024K)]
  0x000002e2e8b45390 JavaThread "Monitor Deflation Thread"   daemon [_thread_blocked, id=22156, stack(0x000000f2f0800000,0x000000f2f0900000) (1024K)]
  0x000002e2e8b461d0 JavaThread "C2 CompilerThread0"         daemon [_thread_blocked, id=10664, stack(0x000000f2f0900000,0x000000f2f0a00000) (1024K)]
  0x000002e2e8bb9080 JavaThread "C1 CompilerThread0"         daemon [_thread_blocked, id=22464, stack(0x000000f2f0a00000,0x000000f2f0b00000) (1024K)]
  0x000002e2e9924a20 JavaThread "Common-Cleaner"             daemon [_thread_blocked, id=12368, stack(0x000000f2f0b00000,0x000000f2f0c00000) (1024K)]
  0x000002e2e9999fa0 JavaThread "Notification Thread"        daemon [_thread_blocked, id=26240, stack(0x000000f2f0c00000,0x000000f2f0d00000) (1024K)]
  0x000002e2ee4d2fd0 JavaThread "Active Thread: Equinox Container: 6483e295-16aa-4854-ab1f-f4a30f2adbc5"        [_thread_blocked, id=20504, stack(0x000000f2f0d00000,0x000000f2f0e00000) (1024K)]
  0x000002e2ee187750 JavaThread "Refresh Thread: Equinox Container: 6483e295-16aa-4854-ab1f-f4a30f2adbc5" daemon [_thread_blocked, id=20788, stack(0x000000f2f1100000,0x000000f2f1200000) (1024K)]
  0x000002e2e8b97d50 JavaThread "Framework Event Dispatcher: Equinox Container: 6483e295-16aa-4854-ab1f-f4a30f2adbc5" daemon [_thread_blocked, id=25696, stack(0x000000f2f1200000,0x000000f2f1300000) (1024K)]
=>0x000002e2ee3d1c60 JavaThread "Start Level: Equinox Container: 6483e295-16aa-4854-ab1f-f4a30f2adbc5" daemon [_thread_in_vm, id=16032, stack(0x000000f2f1300000,0x000000f2f1400000) (1024K)]
  0x000002e2ee7f0140 JavaThread "Bundle File Closer"         daemon [_thread_blocked, id=20312, stack(0x000000f2f1400000,0x000000f2f1500000) (1024K)]
  0x000002e2eeb33f70 JavaThread "SCR Component Actor"        daemon [_thread_blocked, id=17064, stack(0x000000f2f1500000,0x000000f2f1600000) (1024K)]
  0x000002e2ee9adb70 JavaThread "Worker-JM"                         [_thread_blocked, id=4748, stack(0x000000f2f1600000,0x000000f2f1700000) (1024K)]
  0x000002e2ee8c2710 JavaThread "JNA Cleaner"                daemon [_thread_blocked, id=23548, stack(0x000000f2f1700000,0x000000f2f1800000) (1024K)]
  0x000002e2ee8c2da0 JavaThread "Worker-0: Checking project encoding"        [_thread_blocked, id=5476, stack(0x000000f2f1800000,0x000000f2f1900000) (1024K)]
  0x000002e2ee8c3430 JavaThread "Worker-1"                          [_thread_blocked, id=11980, stack(0x000000f2f1900000,0x000000f2f1a00000) (1024K)]
Total: 21

Other Threads:
  0x000002e2d22107b0 VMThread "VM Thread"                           [id=22492, stack(0x000000f2f0200000,0x000000f2f0300000) (1024K)]
  0x000002e2d21bed10 WatcherThread "VM Periodic Task Thread"        [id=8376, stack(0x000000f2f0100000,0x000000f2f0200000) (1024K)]
  0x000002e2d2170240 WorkerThread "GC Thread#0"                     [id=26444, stack(0x000000f2f0000000,0x000000f2f0100000) (1024K)]
  0x000002e2ee217080 WorkerThread "GC Thread#1"                     [id=12340, stack(0x000000f2f0e00000,0x000000f2f0f00000) (1024K)]
  0x000002e2ee217bd0 WorkerThread "GC Thread#2"                     [id=22972, stack(0x000000f2f0f00000,0x000000f2f1000000) (1024K)]
  0x000002e2ee217f80 WorkerThread "GC Thread#3"                     [id=11968, stack(0x000000f2f1000000,0x000000f2f1100000) (1024K)]
Total: 6

Threads with active compile tasks:
Total: 0

VM state: not at safepoint (normal execution)

VM Mutex/Monitor currently owned by a thread:  ([mutex/lock_event])
[0x00007ffab642c4e0] Metaspace_lock - owner thread: 0x000002e2ee3d1c60

Heap address: 0x0000000080000000, size: 2048 MB, Compressed Oops mode: 32-bit

CDS archive(s) mapped at: [0x000002e280000000-0x000002e280ba0000-0x000002e280ba0000), size 12189696, SharedBaseAddress: 0x000002e280000000, ArchiveRelocationMode: 1.
Compressed class space mapped at: 0x000002e281000000-0x000002e2c1000000, reserved size: 1073741824
Narrow klass base: 0x000002e280000000, Narrow klass shift: 0, Narrow klass range: 0x100000000

GC Precious Log:
 CardTable entry size: 512
 CPUs: 4 total, 4 available
 Memory: 16275M
 Large Page Support: Disabled
 NUMA Support: Disabled
 Compressed Oops: Enabled (32-bit)
 Alignments: Space 512K, Generation 512K, Heap 2M
 Heap Min Capacity: 100M
 Heap Initial Capacity: 100M
 Heap Max Capacity: 2G
 Pre-touch: Disabled
 Parallel Workers: 4

Heap:
 PSYoungGen      total 29184K, used 27529K [0x00000000d5580000, 0x00000000d7a00000, 0x0000000100000000)
  eden space 25088K, 93% used [0x00000000d5580000,0x00000000d6c64398,0x00000000d6e00000)
  from space 4096K, 99% used [0x00000000d6e80000,0x00000000d727e3a8,0x00000000d7280000)
  to   space 6144K, 0% used [0x00000000d7400000,0x00000000d7400000,0x00000000d7a00000)
 ParOldGen       total 68608K, used 8286K [0x0000000080000000, 0x0000000084300000, 0x00000000d5580000)
  object space 68608K, 12% used [0x0000000080000000,0x0000000080817b00,0x0000000084300000)
 Metaspace       used 18419K, committed 19136K, reserved 1114112K
  class space    used 1937K, committed 2240K, reserved 1048576K

Card table byte_map: [0x000002e2d1b30000,0x000002e2d1f40000] _byte_map_base: 0x000002e2d1730000

Marking Bits: (ParMarkBitMap*) 0x00007ffab6433450
 Begin Bits: [0x000002e2e4610000, 0x000002e2e6610000)
 End Bits:   [0x000002e2e6610000, 0x000002e2e8610000)

Polling page: 0x000002e2d1920000

Metaspace:

Usage:
  Non-class:     16.10 MB used.
      Class:      1.89 MB used.
       Both:     17.99 MB used.

Virtual space:
  Non-class space:       64.00 MB reserved,      16.50 MB ( 26%) committed,  1 nodes.
      Class space:        1.00 GB reserved,       2.19 MB ( <1%) committed,  1 nodes.
             Both:        1.06 GB reserved,      18.69 MB (  2%) committed. 

Chunk freelists:
   Non-Class:  14.86 MB
       Class:  13.65 MB
        Both:  28.51 MB

MaxMetaspaceSize: unlimited
CompressedClassSpaceSize: 1.00 GB
Initial GC threshold: 21.00 MB
Current GC threshold: 21.00 MB
CDS: on
 - commit_granule_bytes: 65536.
 - commit_granule_words: 8192.
 - virtual_space_node_default_size: 8388608.
 - enlarge_chunks_in_place: 1.
 - use_allocation_guard: 0.


Internal statistics:

num_allocs_failed_limit: 0.
num_arena_births: 560.
num_arena_deaths: 0.
num_vsnodes_births: 2.
num_vsnodes_deaths: 0.
num_space_committed: 299.
num_space_uncommitted: 0.
num_chunks_returned_to_freelist: 0.
num_chunks_taken_from_freelist: 1266.
num_chunk_merges: 0.
num_chunk_splits: 799.
num_chunks_enlarged: 512.
num_inconsistent_stats: 0.

CodeHeap 'non-profiled nmethods': size=120000Kb used=1539Kb max_used=1539Kb free=118461Kb
 bounds [0x000002e2dce30000, 0x000002e2dd0a0000, 0x000002e2e4360000]
CodeHeap 'profiled nmethods': size=120000Kb used=7035Kb max_used=7035Kb free=112965Kb
 bounds [0x000002e2d5360000, 0x000002e2d5a40000, 0x000002e2dc890000]
CodeHeap 'non-nmethods': size=5760Kb used=1274Kb max_used=1346Kb free=4485Kb
 bounds [0x000002e2dc890000, 0x000002e2dcb00000, 0x000002e2dce30000]
CodeCache: size=245760Kb, used=9848Kb, max_used=9920Kb, free=235911Kb
 total_blobs=3992, nmethods=3439, adapters=459, full_count=0
Compilation: enabled, stopped_count=0, restarted_count=0

Compilation events (20 events):
Event: 18.936 Thread 0x000002e2e8bb9080 nmethod 3437 0x000002e2d5a34990 code [0x000002e2d5a34c20, 0x000002e2d5a35778]
Event: 18.936 Thread 0x000002e2e8bb9080 3440       3       org.objectweb.asm.tree.MethodNode::visitMethodInsn (59 bytes)
Event: 18.937 Thread 0x000002e2e8bb9080 nmethod 3440 0x000002e2d5a35c90 code [0x000002e2d5a35e80, 0x000002e2d5a362a0]
Event: 18.937 Thread 0x000002e2e8bb9080 3441       3       org.objectweb.asm.tree.MethodInsnNode::<init> (28 bytes)
Event: 18.937 Thread 0x000002e2e8bb9080 nmethod 3441 0x000002e2d5a36490 code [0x000002e2d5a36640, 0x000002e2d5a36858]
Event: 18.937 Thread 0x000002e2e8bb9080 3442       3       org.objectweb.asm.tree.MethodInsnNode::accept (30 bytes)
Event: 18.937 Thread 0x000002e2e8bb9080 nmethod 3442 0x000002e2d5a36990 code [0x000002e2d5a36b40, 0x000002e2d5a36d88]
Event: 18.937 Thread 0x000002e2e8bb9080 3443       3       org.apache.aries.spifly.weaver.TCCLSetterVisitor$TCCLSetterMethodVisitor::visitMethodInsn (446 bytes)
Event: 18.941 Thread 0x000002e2e8b461d0 nmethod 3447 0x000002e2dcfb0210 code [0x000002e2dcfb03c0, 0x000002e2dcfb0738]
Event: 18.942 Thread 0x000002e2e8bb9080 nmethod 3443 0x000002e2d5a36e90 code [0x000002e2d5a37580, 0x000002e2d5a3b850]
Event: 18.942 Thread 0x000002e2e8bb9080 3444       3       org.objectweb.asm.MethodWriter::visitMethodInsn (191 bytes)
Event: 18.943 Thread 0x000002e2e8bb9080 nmethod 3444 0x000002e2d5a3cd90 code [0x000002e2d5a3cfe0, 0x000002e2d5a3d798]
Event: 18.943 Thread 0x000002e2e8bb9080 3434       3       org.apache.aries.spifly.weaver.TCCLSetterVisitor::visitMethod (49 bytes)
Event: 18.944 Thread 0x000002e2e8bb9080 nmethod 3434 0x000002e2d5a3db10 code [0x000002e2d5a3dce0, 0x000002e2d5a3e000]
Event: 18.944 Thread 0x000002e2e8bb9080 3435       3       org.objectweb.asm.ClassVisitor::visitMethod (24 bytes)
Event: 18.944 Thread 0x000002e2e8bb9080 nmethod 3435 0x000002e2d5a3e190 code [0x000002e2d5a3e340, 0x000002e2d5a3e578]
Event: 18.944 Thread 0x000002e2e8bb9080 3436       3       org.objectweb.asm.ClassWriter::visitMethod (57 bytes)
Event: 18.945 Thread 0x000002e2e8bb9080 nmethod 3436 0x000002e2d5a3e690 code [0x000002e2d5a3e840, 0x000002e2d5a3ead8]
Event: 18.945 Thread 0x000002e2e8bb9080 3448       1       org.apache.aries.spifly.weaver.TCCLSetterVisitor::access$800 (5 bytes)
Event: 18.945 Thread 0x000002e2e8bb9080 nmethod 3448 0x000002e2dcfb0910 code [0x000002e2dcfb0aa0, 0x000002e2dcfb0b50]

GC Heap History (10 events):
Event: 4.759 GC heap before
{Heap before GC invocations=1 (full 0):
 PSYoungGen      total 29696K, used 25600K [0x00000000d5580000, 0x00000000d7680000, 0x0000000100000000)
  eden space 25600K, 100% used [0x00000000d5580000,0x00000000d6e80000,0x00000000d6e80000)
  from space 4096K, 0% used [0x00000000d7280000,0x00000000d7280000,0x00000000d7680000)
  to   space 4096K, 0% used [0x00000000d6e80000,0x00000000d6e80000,0x00000000d7280000)
 ParOldGen       total 68608K, used 0K [0x0000000080000000, 0x0000000084300000, 0x00000000d5580000)
  object space 68608K, 0% used [0x0000000080000000,0x0000000080000000,0x0000000084300000)
 Metaspace       used 4371K, committed 4608K, reserved 1114112K
  class space    used 475K, committed 576K, reserved 1048576K
}
Event: 4.786 GC heap after
{Heap after GC invocations=1 (full 0):
 PSYoungGen      total 29696K, used 3303K [0x00000000d5580000, 0x00000000d7680000, 0x0000000100000000)
  eden space 25600K, 0% used [0x00000000d5580000,0x00000000d5580000,0x00000000d6e80000)
  from space 4096K, 80% used [0x00000000d6e80000,0x00000000d71b9e98,0x00000000d7280000)
  to   space 4096K, 0% used [0x00000000d7280000,0x00000000d7280000,0x00000000d7680000)
 ParOldGen       total 68608K, used 0K [0x0000000080000000, 0x0000000084300000, 0x00000000d5580000)
  object space 68608K, 0% used [0x0000000080000000,0x0000000080000000,0x0000000084300000)
 Metaspace       used 4371K, committed 4608K, reserved 1114112K
  class space    used 475K, committed 576K, reserved 1048576K
}
Event: 8.845 GC heap before
{Heap before GC invocations=2 (full 0):
 PSYoungGen      total 29696K, used 28903K [0x00000000d5580000, 0x00000000d7680000, 0x0000000100000000)
  eden space 25600K, 100% used [0x00000000d5580000,0x00000000d6e80000,0x00000000d6e80000)
  from space 4096K, 80% used [0x00000000d6e80000,0x00000000d71b9e98,0x00000000d7280000)
  to   space 4096K, 0% used [0x00000000d7280000,0x00000000d7280000,0x00000000d7680000)
 ParOldGen       total 68608K, used 0K [0x0000000080000000, 0x0000000084300000, 0x00000000d5580000)
  object space 68608K, 0% used [0x0000000080000000,0x0000000080000000,0x0000000084300000)
 Metaspace       used 8000K, committed 8256K, reserved 1114112K
  class space    used 830K, committed 960K, reserved 1048576K
}
Event: 8.856 GC heap after
{Heap after GC invocations=2 (full 0):
 PSYoungGen      total 29696K, used 4070K [0x00000000d5580000, 0x00000000d7680000, 0x0000000100000000)
  eden space 25600K, 0% used [0x00000000d5580000,0x00000000d5580000,0x00000000d6e80000)
  from space 4096K, 99% used [0x00000000d7280000,0x00000000d7679800,0x00000000d7680000)
  to   space 4096K, 0% used [0x00000000d6e80000,0x00000000d6e80000,0x00000000d7280000)
 ParOldGen       total 68608K, used 2055K [0x0000000080000000, 0x0000000084300000, 0x00000000d5580000)
  object space 68608K, 2% used [0x0000000080000000,0x0000000080201eb8,0x0000000084300000)
 Metaspace       used 8000K, committed 8256K, reserved 1114112K
  class space    used 830K, committed 960K, reserved 1048576K
}
Event: 10.847 GC heap before
{Heap before GC invocations=3 (full 0):
 PSYoungGen      total 29696K, used 29652K [0x00000000d5580000, 0x00000000d7680000, 0x0000000100000000)
  eden space 25600K, 99% used [0x00000000d5580000,0x00000000d6e7b828,0x00000000d6e80000)
  from space 4096K, 99% used [0x00000000d7280000,0x00000000d7679800,0x00000000d7680000)
  to   space 4096K, 0% used [0x00000000d6e80000,0x00000000d6e80000,0x00000000d7280000)
 ParOldGen       total 68608K, used 2055K [0x0000000080000000, 0x0000000084300000, 0x00000000d5580000)
  object space 68608K, 2% used [0x0000000080000000,0x0000000080201eb8,0x0000000084300000)
 Metaspace       used 9451K, committed 9792K, reserved 1114112K
  class space    used 1007K, committed 1152K, reserved 1048576K
}
Event: 10.857 GC heap after
{Heap after GC invocations=3 (full 0):
 PSYoungGen      total 29696K, used 4079K [0x00000000d5580000, 0x00000000d7680000, 0x0000000100000000)
  eden space 25600K, 0% used [0x00000000d5580000,0x00000000d5580000,0x00000000d6e80000)
  from space 4096K, 99% used [0x00000000d6e80000,0x00000000d727bcf0,0x00000000d7280000)
  to   space 4096K, 0% used [0x00000000d7280000,0x00000000d7280000,0x00000000d7680000)
 ParOldGen       total 68608K, used 5053K [0x0000000080000000, 0x0000000084300000, 0x00000000d5580000)
  object space 68608K, 7% used [0x0000000080000000,0x00000000804ef688,0x0000000084300000)
 Metaspace       used 9451K, committed 9792K, reserved 1114112K
  class space    used 1007K, committed 1152K, reserved 1048576K
}
Event: 14.230 GC heap before
{Heap before GC invocations=4 (full 0):
 PSYoungGen      total 29696K, used 29679K [0x00000000d5580000, 0x00000000d7680000, 0x0000000100000000)
  eden space 25600K, 100% used [0x00000000d5580000,0x00000000d6e80000,0x00000000d6e80000)
  from space 4096K, 99% used [0x00000000d6e80000,0x00000000d727bcf0,0x00000000d7280000)
  to   space 4096K, 0% used [0x00000000d7280000,0x00000000d7280000,0x00000000d7680000)
 ParOldGen       total 68608K, used 5053K [0x0000000080000000, 0x0000000084300000, 0x00000000d5580000)
  object space 68608K, 7% used [0x0000000080000000,0x00000000804ef688,0x0000000084300000)
 Metaspace       used 11682K, committed 12032K, reserved 1114112K
  class space    used 1235K, committed 1408K, reserved 1048576K
}
Event: 14.239 GC heap after
{Heap after GC invocations=4 (full 0):
 PSYoungGen      total 29696K, used 4087K [0x00000000d5580000, 0x00000000d7680000, 0x0000000100000000)
  eden space 25600K, 0% used [0x00000000d5580000,0x00000000d5580000,0x00000000d6e80000)
  from space 4096K, 99% used [0x00000000d7280000,0x00000000d767dc50,0x00000000d7680000)
  to   space 4096K, 0% used [0x00000000d6e80000,0x00000000d6e80000,0x00000000d7280000)
 ParOldGen       total 68608K, used 6710K [0x0000000080000000, 0x0000000084300000, 0x00000000d5580000)
  object space 68608K, 9% used [0x0000000080000000,0x000000008068dae0,0x0000000084300000)
 Metaspace       used 11682K, committed 12032K, reserved 1114112K
  class space    used 1235K, committed 1408K, reserved 1048576K
}
Event: 16.685 GC heap before
{Heap before GC invocations=5 (full 0):
 PSYoungGen      total 29696K, used 29687K [0x00000000d5580000, 0x00000000d7680000, 0x0000000100000000)
  eden space 25600K, 100% used [0x00000000d5580000,0x00000000d6e80000,0x00000000d6e80000)
  from space 4096K, 99% used [0x00000000d7280000,0x00000000d767dc50,0x00000000d7680000)
  to   space 4096K, 0% used [0x00000000d6e80000,0x00000000d6e80000,0x00000000d7280000)
 ParOldGen       total 68608K, used 6710K [0x0000000080000000, 0x0000000084300000, 0x00000000d5580000)
  object space 68608K, 9% used [0x0000000080000000,0x000000008068dae0,0x0000000084300000)
 Metaspace       used 15521K, committed 16128K, reserved 1114112K
  class space    used 1612K, committed 1920K, reserved 1048576K
}
Event: 16.694 GC heap after
{Heap after GC invocations=5 (full 0):
 PSYoungGen      total 29184K, used 4088K [0x00000000d5580000, 0x00000000d7a00000, 0x0000000100000000)
  eden space 25088K, 0% used [0x00000000d5580000,0x00000000d5580000,0x00000000d6e00000)
  from space 4096K, 99% used [0x00000000d6e80000,0x00000000d727e3a8,0x00000000d7280000)
  to   space 6144K, 0% used [0x00000000d7400000,0x00000000d7400000,0x00000000d7a00000)
 ParOldGen       total 68608K, used 8286K [0x0000000080000000, 0x0000000084300000, 0x00000000d5580000)
  object space 68608K, 12% used [0x0000000080000000,0x0000000080817b00,0x0000000084300000)
 Metaspace       used 15521K, committed 16128K, reserved 1114112K
  class space    used 1612K, committed 1920K, reserved 1048576K
}

Dll operation events (10 events):
Event: 0.018 Loaded shared library c:\Users\ManhChu\.antigravity\extensions\redhat.java-1.54.0-win32-x64\jre\21.0.10-win32-x86_64\bin\java.dll
Event: 0.401 Loaded shared library c:\Users\ManhChu\.antigravity\extensions\redhat.java-1.54.0-win32-x64\jre\21.0.10-win32-x86_64\bin\zip.dll
Event: 0.514 Loaded shared library C:\Users\ManhChu\.antigravity\extensions\redhat.java-1.54.0-win32-x64\jre\21.0.10-win32-x86_64\bin\instrument.dll
Event: 0.579 Loaded shared library C:\Users\ManhChu\.antigravity\extensions\redhat.java-1.54.0-win32-x64\jre\21.0.10-win32-x86_64\bin\net.dll
Event: 0.586 Loaded shared library C:\Users\ManhChu\.antigravity\extensions\redhat.java-1.54.0-win32-x64\jre\21.0.10-win32-x86_64\bin\nio.dll
Event: 0.602 Loaded shared library C:\Users\ManhChu\.antigravity\extensions\redhat.java-1.54.0-win32-x64\jre\21.0.10-win32-x86_64\bin\zip.dll
Event: 0.707 Loaded shared library C:\Users\ManhChu\.antigravity\extensions\redhat.java-1.54.0-win32-x64\jre\21.0.10-win32-x86_64\bin\jimage.dll
Event: 1.597 Loaded shared library c:\Users\ManhChu\.antigravity\extensions\redhat.java-1.54.0-win32-x64\jre\21.0.10-win32-x86_64\bin\verify.dll
Event: 8.953 Loaded shared library C:\Users\ManhChu\AppData\Roaming\Antigravity\User\globalStorage\redhat.java\1.54.0\config_win\org.eclipse.equinox.launcher\org.eclipse.equinox.launcher.win32.win32.x86_64_1.3.0.v20260203-2149\eclipse_11919.dll
Event: 17.933 Loaded shared library C:\Users\ManhChu\AppData\Local\Temp\jna--1794879646\jna5269233460408797140.dll

Deoptimization events (20 events):
Event: 16.960 Thread 0x000002e2ee3d1c60 Uncommon trap: trap_request=0xffffff45 fr.pc=0x000002e2dce67694 relative=0x00000000000006f4
Event: 16.960 Thread 0x000002e2ee3d1c60 Uncommon trap: reason=unstable_if action=reinterpret pc=0x000002e2dce67694 method=java.lang.String.replace(Ljava/lang/CharSequence;Ljava/lang/CharSequence;)Ljava/lang/String; @ 42 c2
Event: 16.960 Thread 0x000002e2ee3d1c60 DEOPT PACKING pc=0x000002e2dce67694 sp=0x000000f2f13f7a60
Event: 16.960 Thread 0x000002e2ee3d1c60 DEOPT UNPACKING pc=0x000002e2dc8e3aa2 sp=0x000000f2f13f79e0 mode 2
Event: 18.043 Thread 0x000002e2ee3d1c60 Uncommon trap: trap_request=0xffffffc6 fr.pc=0x000002e2dceedfd4 relative=0x0000000000000a54
Event: 18.043 Thread 0x000002e2ee3d1c60 Uncommon trap: reason=bimorphic_or_optimized_type_check action=maybe_recompile pc=0x000002e2dceedfd4 method=java.util.HashMap.putVal(ILjava/lang/Object;Ljava/lang/Object;ZZ)Ljava/lang/Object; @ 91 c2
Event: 18.043 Thread 0x000002e2ee3d1c60 DEOPT PACKING pc=0x000002e2dceedfd4 sp=0x000000f2f13f80b0
Event: 18.043 Thread 0x000002e2ee3d1c60 DEOPT UNPACKING pc=0x000002e2dc8e3aa2 sp=0x000000f2f13f8030 mode 2
Event: 18.146 Thread 0x000002e2ee3d1c60 Uncommon trap: trap_request=0xffffff45 fr.pc=0x000002e2dcf915a8 relative=0x0000000000000088
Event: 18.147 Thread 0x000002e2ee3d1c60 Uncommon trap: reason=unstable_if action=reinterpret pc=0x000002e2dcf915a8 method=java.lang.ref.SoftReference.get()Ljava/lang/Object; @ 6 c2
Event: 18.147 Thread 0x000002e2ee3d1c60 DEOPT PACKING pc=0x000002e2dcf915a8 sp=0x000000f2f13f9960
Event: 18.147 Thread 0x000002e2ee3d1c60 DEOPT UNPACKING pc=0x000002e2dc8e3aa2 sp=0x000000f2f13f98f8 mode 2
Event: 18.256 Thread 0x000002e2ee8c2da0 Uncommon trap: trap_request=0xffffff45 fr.pc=0x000002e2dcf39b60 relative=0x00000000000000c0
Event: 18.256 Thread 0x000002e2ee8c2da0 Uncommon trap: reason=unstable_if action=reinterpret pc=0x000002e2dcf39b60 method=java.util.concurrent.locks.ReentrantLock$NonfairSync.initialTryLock()Z @ 25 c2
Event: 18.256 Thread 0x000002e2ee8c2da0 DEOPT PACKING pc=0x000002e2dcf39b60 sp=0x000000f2f18fde40
Event: 18.256 Thread 0x000002e2ee8c2da0 DEOPT UNPACKING pc=0x000002e2dc8e3aa2 sp=0x000000f2f18fddc8 mode 2
Event: 18.799 Thread 0x000002e2ee3d1c60 Uncommon trap: trap_request=0xffffff45 fr.pc=0x000002e2dcf5f8c4 relative=0x00000000000000a4
Event: 18.799 Thread 0x000002e2ee3d1c60 Uncommon trap: reason=unstable_if action=reinterpret pc=0x000002e2dcf5f8c4 method=java.lang.ref.ReferenceQueue.poll()Ljava/lang/ref/Reference; @ 4 c2
Event: 18.799 Thread 0x000002e2ee3d1c60 DEOPT PACKING pc=0x000002e2dcf5f8c4 sp=0x000000f2f13f3ad0
Event: 18.799 Thread 0x000002e2ee3d1c60 DEOPT UNPACKING pc=0x000002e2dc8e3aa2 sp=0x000000f2f13f39b8 mode 2

Classes loaded (20 events):
Event: 18.140 Loading class java/lang/ThreadDeath
Event: 18.140 Loading class java/lang/ThreadDeath done
Event: 18.151 Loading class java/util/stream/SortedOps$SizedRefSortingSink
Event: 18.151 Loading class java/util/stream/SortedOps$SizedRefSortingSink done
Event: 18.288 Loading class java/util/concurrent/atomic/Striped64$1
Event: 18.288 Loading class java/util/concurrent/atomic/Striped64$1 done
Event: 18.539 Loading class java/util/BitSet
Event: 18.539 Loading class java/util/BitSet done
Event: 18.547 Loading class sun/net/www/protocol/jrt/JavaRuntimeURLConnection
Event: 18.547 Loading class sun/net/www/protocol/jrt/JavaRuntimeURLConnection done
Event: 18.549 Loading class sun/net/www/protocol/jrt/JavaRuntimeURLConnection$1
Event: 18.549 Loading class sun/net/www/protocol/jrt/JavaRuntimeURLConnection$1 done
Event: 18.583 Loading class java/util/function/UnaryOperator
Event: 18.584 Loading class java/util/function/UnaryOperator done
Event: 18.615 Loading class java/util/ServiceConfigurationError
Event: 18.615 Loading class java/util/ServiceConfigurationError done
Event: 18.633 Loading class java/lang/InheritableThreadLocal
Event: 18.633 Loading class java/lang/InheritableThreadLocal done
Event: 18.728 Loading class java/security/AccessControlException
Event: 18.728 Loading class java/security/AccessControlException done

Classes unloaded (0 events):
No events

Classes redefined (0 events):
No events

Internal exceptions (20 events):
Event: 16.857 Thread 0x000002e2ee3d1c60 Exception <a 'java/lang/NoSuchMethodError'{0x00000000d5840f00}: 'java.lang.Object java.lang.invoke.DirectMethodHandle$Holder.invokeStaticInit(java.lang.Object, int)'> (0x00000000d5840f00) 
thrown [s\src\hotspot\share\interpreter\linkResolver.cpp, line 773]
Event: 16.980 Thread 0x000002e2ee3d1c60 Exception <a 'java/lang/NoSuchMethodError'{0x00000000d5abdf00}: 'java.lang.Object java.lang.invoke.DirectMethodHandle$Holder.invokeStaticInit(java.lang.Object, int, int, int, int)'> (0x00000000d5abdf00) 
thrown [s\src\hotspot\share\interpreter\linkResolver.cpp, line 773]
Event: 17.106 Thread 0x000002e2ee3d1c60 Exception <a 'java/lang/NoSuchMethodError'{0x00000000d5c24830}: 'java.lang.Object java.lang.invoke.DirectMethodHandle$Holder.invokeStaticInit(java.lang.Object, java.lang.Object, int, int, int, int)'> (0x00000000d5c24830) 
thrown [s\src\hotspot\share\interpreter\linkResolver.cpp, line 773]
Event: 17.961 Thread 0x000002e2ee3d1c60 Exception <a 'java/lang/NoSuchMethodError'{0x00000000d5d47138}: 'void java.lang.invoke.DirectMethodHandle$Holder.invokeSpecial(java.lang.Object, java.lang.Object, java.lang.Object, int)'> (0x00000000d5d47138) 
thrown [s\src\hotspot\share\interpreter\linkResolver.cpp, line 773]
Event: 17.961 Thread 0x000002e2ee3d1c60 Exception <a 'java/lang/NoSuchMethodError'{0x00000000d5d4aac8}: 'void java.lang.invoke.DelegatingMethodHandle$Holder.reinvoke_L(java.lang.Object, java.lang.Object, int)'> (0x00000000d5d4aac8) 
thrown [s\src\hotspot\share\interpreter\linkResolver.cpp, line 773]
Event: 17.962 Thread 0x000002e2ee3d1c60 Exception <a 'java/lang/NoSuchMethodError'{0x00000000d5d51a08}: 'int java.lang.invoke.Invokers$Holder.invokeExact_MT(java.lang.Object, java.lang.Object, java.lang.Object)'> (0x00000000d5d51a08) 
thrown [s\src\hotspot\share\interpreter\linkResolver.cpp, line 773]
Event: 18.044 Thread 0x000002e2ee3d1c60 Exception <a 'java/lang/NoSuchMethodError'{0x00000000d5e5d2f8}: 'void java.lang.invoke.Invokers$Holder.invokeExact_MT(java.lang.Object, java.lang.Object, int, java.lang.Object)'> (0x00000000d5e5d2f8) 
thrown [s\src\hotspot\share\interpreter\linkResolver.cpp, line 773]
Event: 18.134 Thread 0x000002e2ee3d1c60 Exception <a 'java/lang/NoSuchMethodError'{0x00000000d5f81868}: 'java.lang.Object java.lang.invoke.DirectMethodHandle$Holder.invokeSpecial(java.lang.Object, java.lang.Object, java.lang.Object, long, java.lang.Object)'> (0x00000000d5f81868) 
thrown [s\src\hotspot\share\interpreter\linkResolver.cpp, line 773]
Event: 18.134 Thread 0x000002e2ee3d1c60 Exception <a 'java/lang/NoSuchMethodError'{0x00000000d5f890b0}: 'java.lang.Object java.lang.invoke.DirectMethodHandle$Holder.newInvokeSpecial(java.lang.Object, java.lang.Object, java.lang.Object, long)'> (0x00000000d5f890b0) 
thrown [s\src\hotspot\share\interpreter\linkResolver.cpp, line 773]
Event: 18.135 Thread 0x000002e2ee3d1c60 Exception <a 'java/lang/NoSuchMethodError'{0x00000000d5f8d460}: 'java.lang.Object java.lang.invoke.DirectMethodHandle$Holder.invokeSpecial(java.lang.Object, java.lang.Object, java.lang.Object, java.lang.Object, long)'> (0x00000000d5f8d460) 
thrown [s\src\hotspot\share\interpreter\linkResolver.cpp, line 773]
Event: 18.135 Thread 0x000002e2ee3d1c60 Exception <a 'java/lang/NoSuchMethodError'{0x00000000d5f91080}: 'java.lang.Object java.lang.invoke.Invokers$Holder.linkToTargetMethod(java.lang.Object, java.lang.Object, long, java.lang.Object)'> (0x00000000d5f91080) 
thrown [s\src\hotspot\share\interpreter\linkResolver.cpp, line 773]
Event: 18.148 Thread 0x000002e2ee3d1c60 Exception <a 'java/lang/NoSuchMethodError'{0x00000000d5ff2498}: 'int java.lang.invoke.DirectMethodHandle$Holder.invokeStaticInit(java.lang.Object, java.lang.Object, java.lang.Object)'> (0x00000000d5ff2498) 
thrown [s\src\hotspot\share\interpreter\linkResolver.cpp, line 773]
Event: 18.166 Thread 0x000002e2ee3d1c60 Exception <a 'java/lang/IncompatibleClassChangeError'{0x00000000d60a0ce8}: Found class java.lang.Object, but interface was expected> (0x00000000d60a0ce8) 
thrown [s\src\hotspot\share\interpreter\linkResolver.cpp, line 840]
Event: 18.247 Thread 0x000002e2ee3d1c60 Exception <a 'java/lang/NoSuchMethodError'{0x00000000d60c9970}: 'java.lang.Object java.lang.invoke.DirectMethodHandle$Holder.invokeSpecial(java.lang.Object, java.lang.Object, java.lang.Object, int, java.lang.Object, java.lang.Object)'> (0x00000000d60c9970) 
thrown [s\src\hotspot\share\interpreter\linkResolver.cpp, line 773]
Event: 18.250 Thread 0x000002e2ee3d1c60 Exception <a 'java/lang/NoSuchMethodError'{0x00000000d60d1388}: 'java.lang.Object java.lang.invoke.DirectMethodHandle$Holder.newInvokeSpecial(java.lang.Object, java.lang.Object, java.lang.Object, int, java.lang.Object)'> (0x00000000d60d1388) 
thrown [s\src\hotspot\share\interpreter\linkResolver.cpp, line 773]
Event: 18.251 Thread 0x000002e2ee3d1c60 Exception <a 'java/lang/NoSuchMethodError'{0x00000000d60d5308}: 'java.lang.Object java.lang.invoke.DirectMethodHandle$Holder.invokeSpecial(java.lang.Object, java.lang.Object, java.lang.Object, java.lang.Object, int, java.lang.Object)'> (0x00000000d60d5308) 
thrown [s\src\hotspot\share\interpreter\linkResolver.cpp, line 773]
Event: 18.251 Thread 0x000002e2ee3d1c60 Exception <a 'java/lang/NoSuchMethodError'{0x00000000d60d8e48}: 'java.lang.Object java.lang.invoke.Invokers$Holder.linkToTargetMethod(java.lang.Object, java.lang.Object, int, java.lang.Object, java.lang.Object)'> (0x00000000d60d8e48) 
thrown [s\src\hotspot\share\interpreter\linkResolver.cpp, line 773]
Event: 18.254 Thread 0x000002e2ee8c2da0 Exception <a 'java/lang/NoSuchMethodError'{0x00000000d60b0c18}: 'java.lang.Object java.lang.invoke.DirectMethodHandle$Holder.invokeSpecial(java.lang.Object, java.lang.Object, int, java.lang.Object, java.lang.Object)'> (0x00000000d60b0c18) 
thrown [s\src\hotspot\share\interpreter\linkResolver.cpp, line 773]
Event: 18.292 Thread 0x000002e2ee3d1c60 Exception <a 'java/lang/NoSuchMethodError'{0x00000000d61c8ab0}: 'void java.lang.invoke.DirectMethodHandle$Holder.invokeSpecial(java.lang.Object, java.lang.Object, java.lang.Object, java.lang.Object, java.lang.Object)'> (0x00000000d61c8ab0) 
thrown [s\src\hotspot\share\interpreter\linkResolver.cpp, line 773]
Event: 18.795 Thread 0x000002e2ee3d1c60 Exception <a 'java/lang/NoSuchMethodError'{0x00000000d69a51d8}: 'java.lang.Object java.lang.invoke.DirectMethodHandle$Holder.invokeInterface(java.lang.Object, java.lang.Object, java.lang.Object)'> (0x00000000d69a51d8) 
thrown [s\src\hotspot\share\interpreter\linkResolver.cpp, line 773]

ZGC Phase Switch (0 events):
No events

VM Operations (20 events):
Event: 16.314 Executing safepoint VM operation: Cleanup
Event: 16.330 Executing safepoint VM operation: Cleanup done
Event: 16.340 Executing non-safepoint VM operation: HandshakeAllThreads (Deoptimize)
Event: 16.340 Executing non-safepoint VM operation: HandshakeAllThreads (Deoptimize) done
Event: 16.685 Executing safepoint VM operation: ParallelGCFailedAllocation (Allocation Failure)
Event: 16.694 Executing safepoint VM operation: ParallelGCFailedAllocation (Allocation Failure) done
Event: 17.078 Executing non-safepoint VM operation: HandshakeAllThreads (Deoptimize)
Event: 17.079 Executing non-safepoint VM operation: HandshakeAllThreads (Deoptimize) done
Event: 17.945 Executing non-safepoint VM operation: HandshakeAllThreads (Deoptimize)
Event: 17.945 Executing non-safepoint VM operation: HandshakeAllThreads (Deoptimize) done
Event: 17.945 Executing safepoint VM operation: Cleanup
Event: 17.945 Executing safepoint VM operation: Cleanup done
Event: 18.549 Executing non-safepoint VM operation: HandshakeAllThreads (Deoptimize)
Event: 18.549 Executing non-safepoint VM operation: HandshakeAllThreads (Deoptimize) done
Event: 18.642 Executing non-safepoint VM operation: HandshakeAllThreads (Deoptimize)
Event: 18.642 Executing non-safepoint VM operation: HandshakeAllThreads (Deoptimize) done
Event: 18.649 Executing non-safepoint VM operation: HandshakeAllThreads (Deoptimize)
Event: 18.649 Executing non-safepoint VM operation: HandshakeAllThreads (Deoptimize) done
Event: 18.943 Executing safepoint VM operation: ICBufferFull
Event: 18.943 Executing safepoint VM operation: ICBufferFull done

Memory protections (0 events):
No events

Nmethod flushes (0 events):
No events

Events (20 events):
Event: 4.371 Thread 0x000002e2e8bb9080 Thread added: 0x000002e2ee2a72c0
Event: 4.790 Thread 0x000002e2ee2a72c0 Thread exited: 0x000002e2ee2a72c0
Event: 5.828 Thread 0x000002e2e8bb9080 Thread added: 0x000002e2ee355180
Event: 6.944 Thread 0x000002e2ee355180 Thread exited: 0x000002e2ee355180
Event: 7.199 Thread 0x000002e2d2150cc0 Thread added: 0x000002e2ee4d2fd0
Event: 8.926 Thread 0x000002e2d2150cc0 Thread added: 0x000002e2ee187750
Event: 9.071 Thread 0x000002e2ee187750 Thread added: 0x000002e2e8b97d50
Event: 9.080 Thread 0x000002e2d2150cc0 Thread added: 0x000002e2ee3d1c60
Event: 9.664 Thread 0x000002e2e8bb9080 Thread added: 0x000002e2ee4cbf60
Event: 9.984 Thread 0x000002e2ee4cbf60 Thread exited: 0x000002e2ee4cbf60
Event: 11.060 Thread 0x000002e2ee3d1c60 Thread added: 0x000002e2ee7f0140
Event: 14.035 Thread 0x000002e2ee3d1c60 Thread added: 0x000002e2eeb33f70
Event: 14.464 Thread 0x000002e2e8bb9080 Thread added: 0x000002e2e98de790
Event: 14.756 Thread 0x000002e2e98de790 Thread exited: 0x000002e2e98de790
Event: 15.680 Thread 0x000002e2ee3d1c60 Thread added: 0x000002e2ee9adb70
Event: 16.623 Thread 0x000002e2e8b461d0 Thread added: 0x000002e2ee2feaa0
Event: 16.846 Thread 0x000002e2ee2feaa0 Thread exited: 0x000002e2ee2feaa0
Event: 18.027 Thread 0x000002e2ee3d1c60 Thread added: 0x000002e2ee8c2710
Event: 18.142 Thread 0x000002e2ee3d1c60 Thread added: 0x000002e2ee8c2da0
Event: 18.255 Thread 0x000002e2ee3d1c60 Thread added: 0x000002e2ee8c3430


Dynamic libraries:
0x00007ff726700000 - 0x00007ff72670e000 	c:\Users\ManhChu\.antigravity\extensions\redhat.java-1.54.0-win32-x64\jre\21.0.10-win32-x86_64\bin\java.exe
0x00007ffb6ba30000 - 0x00007ffb6bc28000 	C:\WINDOWS\SYSTEM32\ntdll.dll
0x00007ffb6b800000 - 0x00007ffb6b8c2000 	C:\WINDOWS\System32\KERNEL32.DLL
0x00007ffb69390000 - 0x00007ffb69686000 	C:\WINDOWS\System32\KERNELBASE.dll
0x00007ffb691b0000 - 0x00007ffb692b0000 	C:\WINDOWS\System32\ucrtbase.dll
0x00007ffb4d440000 - 0x00007ffb4d458000 	c:\Users\ManhChu\.antigravity\extensions\redhat.java-1.54.0-win32-x64\jre\21.0.10-win32-x86_64\bin\jli.dll
0x00007ffb6b3f0000 - 0x00007ffb6b591000 	C:\WINDOWS\System32\USER32.dll
0x00007ffb692e0000 - 0x00007ffb69302000 	C:\WINDOWS\System32\win32u.dll
0x00007ffb6b780000 - 0x00007ffb6b7ab000 	C:\WINDOWS\System32\GDI32.dll
0x00007ffb698a0000 - 0x00007ffb699b9000 	C:\WINDOWS\System32\gdi32full.dll
0x00007ffb69110000 - 0x00007ffb691ad000 	C:\WINDOWS\System32\msvcp_win.dll
0x00007ffb4d330000 - 0x00007ffb4d34e000 	c:\Users\ManhChu\.antigravity\extensions\redhat.java-1.54.0-win32-x64\jre\21.0.10-win32-x86_64\bin\VCRUNTIME140.dll
0x00007ffb53140000 - 0x00007ffb533db000 	C:\WINDOWS\WinSxS\amd64_microsoft.windows.common-controls_6595b64144ccf1df_6.0.19041.6456_none_60b8a6cb71f64256\COMCTL32.dll
0x00007ffb6b5a0000 - 0x00007ffb6b63e000 	C:\WINDOWS\System32\msvcrt.dll
0x00007ffb6b7d0000 - 0x00007ffb6b7ff000 	C:\WINDOWS\System32\IMM32.DLL
0x00007ffb54320000 - 0x00007ffb5432c000 	c:\Users\ManhChu\.antigravity\extensions\redhat.java-1.54.0-win32-x64\jre\21.0.10-win32-x86_64\bin\vcruntime140_1.dll
0x00007ffafb6d0000 - 0x00007ffafb75d000 	c:\Users\ManhChu\.antigravity\extensions\redhat.java-1.54.0-win32-x64\jre\21.0.10-win32-x86_64\bin\msvcp140.dll
0x00007ffab5770000 - 0x00007ffab6511000 	c:\Users\ManhChu\.antigravity\extensions\redhat.java-1.54.0-win32-x64\jre\21.0.10-win32-x86_64\bin\server\jvm.dll
0x00007ffb6ad20000 - 0x00007ffb6add1000 	C:\WINDOWS\System32\ADVAPI32.dll
0x00007ffb6a660000 - 0x00007ffb6a6ff000 	C:\WINDOWS\System32\sechost.dll
0x00007ffb6b2d0000 - 0x00007ffb6b3f0000 	C:\WINDOWS\System32\RPCRT4.dll
0x00007ffb692b0000 - 0x00007ffb692d7000 	C:\WINDOWS\System32\bcrypt.dll
0x00007ffb6b710000 - 0x00007ffb6b77b000 	C:\WINDOWS\System32\WS2_32.dll
0x00007ffb68f20000 - 0x00007ffb68f6b000 	C:\WINDOWS\SYSTEM32\POWRPROF.dll
0x00007ffb54380000 - 0x00007ffb543a7000 	C:\WINDOWS\SYSTEM32\WINMM.dll
0x00007ffb5f5a0000 - 0x00007ffb5f5aa000 	C:\WINDOWS\SYSTEM32\VERSION.dll
0x00007ffb68f00000 - 0x00007ffb68f12000 	C:\WINDOWS\SYSTEM32\UMPDC.dll
0x00007ffb678d0000 - 0x00007ffb678e2000 	C:\WINDOWS\SYSTEM32\kernel.appcore.dll
0x00007ffb43d60000 - 0x00007ffb43d6a000 	c:\Users\ManhChu\.antigravity\extensions\redhat.java-1.54.0-win32-x64\jre\21.0.10-win32-x86_64\bin\jimage.dll
0x00007ffb675c0000 - 0x00007ffb677c1000 	C:\WINDOWS\SYSTEM32\DBGHELP.DLL
0x00007ffb409b0000 - 0x00007ffb409e4000 	C:\WINDOWS\SYSTEM32\dbgcore.DLL
0x00007ffb699c0000 - 0x00007ffb69a42000 	C:\WINDOWS\System32\bcryptPrimitives.dll
0x00007ffb4d3b0000 - 0x00007ffb4d3bf000 	c:\Users\ManhChu\.antigravity\extensions\redhat.java-1.54.0-win32-x64\jre\21.0.10-win32-x86_64\bin\instrument.dll
0x00007ffb40330000 - 0x00007ffb40350000 	c:\Users\ManhChu\.antigravity\extensions\redhat.java-1.54.0-win32-x64\jre\21.0.10-win32-x86_64\bin\java.dll
0x00007ffb69e00000 - 0x00007ffb6a570000 	C:\WINDOWS\System32\SHELL32.dll
0x00007ffb66d40000 - 0x00007ffb674e5000 	C:\WINDOWS\SYSTEM32\windows.storage.dll
0x00007ffb6a9c0000 - 0x00007ffb6ad14000 	C:\WINDOWS\System32\combase.dll
0x00007ffb68a10000 - 0x00007ffb68a3b000 	C:\WINDOWS\SYSTEM32\Wldp.dll
0x00007ffb6a840000 - 0x00007ffb6a90d000 	C:\WINDOWS\System32\OLEAUT32.dll
0x00007ffb6a790000 - 0x00007ffb6a83d000 	C:\WINDOWS\System32\SHCORE.dll
0x00007ffb69c00000 - 0x00007ffb69c5b000 	C:\WINDOWS\System32\shlwapi.dll
0x00007ffb68ff0000 - 0x00007ffb69014000 	C:\WINDOWS\SYSTEM32\profapi.dll
0x00007ffb3ca50000 - 0x00007ffb3ca68000 	c:\Users\ManhChu\.antigravity\extensions\redhat.java-1.54.0-win32-x64\jre\21.0.10-win32-x86_64\bin\zip.dll
0x00007ffb401f0000 - 0x00007ffb40200000 	C:\Users\ManhChu\.antigravity\extensions\redhat.java-1.54.0-win32-x64\jre\21.0.10-win32-x86_64\bin\net.dll
0x00007ffb5d8d0000 - 0x00007ffb5d9da000 	C:\WINDOWS\SYSTEM32\WINHTTP.dll
0x00007ffb68770000 - 0x00007ffb687da000 	C:\WINDOWS\system32\mswsock.dll
0x00007ffb39bb0000 - 0x00007ffb39bc6000 	C:\Users\ManhChu\.antigravity\extensions\redhat.java-1.54.0-win32-x64\jre\21.0.10-win32-x86_64\bin\nio.dll
0x00007ffb3ef80000 - 0x00007ffb3ef90000 	c:\Users\ManhChu\.antigravity\extensions\redhat.java-1.54.0-win32-x64\jre\21.0.10-win32-x86_64\bin\verify.dll
0x00007ffafd3f0000 - 0x00007ffafd435000 	C:\Users\ManhChu\AppData\Roaming\Antigravity\User\globalStorage\redhat.java\1.54.0\config_win\org.eclipse.equinox.launcher\org.eclipse.equinox.launcher.win32.win32.x86_64_1.3.0.v20260203-2149\eclipse_11919.dll
0x00007ffb69c60000 - 0x00007ffb69d8b000 	C:\WINDOWS\System32\ole32.dll
0x00007ffb68960000 - 0x00007ffb68978000 	C:\WINDOWS\SYSTEM32\CRYPTSP.dll
0x00007ffb68090000 - 0x00007ffb680c8000 	C:\WINDOWS\system32\rsaenh.dll
0x00007ffb68f70000 - 0x00007ffb68f9e000 	C:\WINDOWS\SYSTEM32\USERENV.dll
0x00007ffb68980000 - 0x00007ffb6898c000 	C:\WINDOWS\SYSTEM32\CRYPTBASE.dll
0x00007ffb68450000 - 0x00007ffb6848b000 	C:\WINDOWS\SYSTEM32\IPHLPAPI.DLL
0x00007ffb69d90000 - 0x00007ffb69d98000 	C:\WINDOWS\System32\NSI.dll
0x00007ffafa270000 - 0x00007ffafa2b9000 	C:\Users\ManhChu\AppData\Local\Temp\jna--1794879646\jna5269233460408797140.dll
0x00007ffb6a650000 - 0x00007ffb6a658000 	C:\WINDOWS\System32\PSAPI.DLL

JVMTI agents:
c:\Users\ManhChu\.antigravity\extensions\redhat.java-1.54.0-win32-x64\lombok\lombok-1.18.39-4050.jar path:c:\Users\ManhChu\.antigravity\extensions\redhat.java-1.54.0-win32-x64\jre\21.0.10-win32-x86_64\bin\instrument.dll, loaded, initialized, instrumentlib options:none

dbghelp: loaded successfully - version: 4.0.5 - missing functions: none
symbol engine: initialized successfully - sym options: 0x614 - pdb path: .;c:\Users\ManhChu\.antigravity\extensions\redhat.java-1.54.0-win32-x64\jre\21.0.10-win32-x86_64\bin;C:\WINDOWS\SYSTEM32;C:\WINDOWS\WinSxS\amd64_microsoft.windows.common-controls_6595b64144ccf1df_6.0.19041.6456_none_60b8a6cb71f64256;c:\Users\ManhChu\.antigravity\extensions\redhat.java-1.54.0-win32-x64\jre\21.0.10-win32-x86_64\bin\server;C:\Users\ManhChu\AppData\Roaming\Antigravity\User\globalStorage\redhat.java\1.54.0\config_win\org.eclipse.equinox.launcher\org.eclipse.equinox.launcher.win32.win32.x86_64_1.3.0.v20260203-2149;C:\Users\ManhChu\AppData\Local\Temp\jna--1794879646

VM Arguments:
jvm_args: --add-modules=ALL-SYSTEM --add-opens=java.base/java.util=ALL-UNNAMED --add-opens=java.base/java.lang=ALL-UNNAMED --add-opens=java.base/sun.nio.fs=ALL-UNNAMED -Declipse.application=org.eclipse.jdt.ls.core.id1 -Dosgi.bundles.defaultStartLevel=4 -Declipse.product=org.eclipse.jdt.ls.core.product -Djava.import.generatesMetadataFilesAtProjectRoot=false -DDetectVMInstallationsJob.disabled=true -Dfile.encoding=utf8 -XX:+UseParallelGC -XX:GCTimeRatio=4 -XX:AdaptiveSizePolicyWeight=90 -Dsun.zip.disableMemoryMapping=true -Xmx2G -Xms100m -Xlog:disable -javaagent:c:\Users\ManhChu\.antigravity\extensions\redhat.java-1.54.0-win32-x64\lombok\lombok-1.18.39-4050.jar -XX:+HeapDumpOnOutOfMemoryError -XX:HeapDumpPath=c:\Users\ManhChu\AppData\Roaming\Antigravity\User\workspaceStorage\bb25cf70fd281f4a14e69039ea312822\redhat.java -Daether.dependencyCollector.impl=bf 
java_command: c:\Users\ManhChu\.antigravity\extensions\redhat.java-1.54.0-win32-x64\server\plugins\org.eclipse.equinox.launcher_1.7.100.v20251111-0406.jar -configuration c:\Users\ManhChu\AppData\Roaming\Antigravity\User\globalStorage\redhat.java\1.54.0\config_win -data c:\Users\ManhChu\AppData\Roaming\Antigravity\User\workspaceStorage\bb25cf70fd281f4a14e69039ea312822\redhat.java\jdt_ws --pipe=\\.\pipe\lsp-4f3816332ce903bbda56f8f0126b357b-sock
java_class_path (initial): c:\Users\ManhChu\.antigravity\extensions\redhat.java-1.54.0-win32-x64\server\plugins\org.eclipse.equinox.launcher_1.7.100.v20251111-0406.jar
Launcher Type: SUN_STANDARD

[Global flags]
    uintx AdaptiveSizePolicyWeight                 = 90                                        {product} {command line}
     intx CICompilerCount                          = 3                                         {product} {ergonomic}
    uintx GCTimeRatio                              = 4                                         {product} {command line}
     bool HeapDumpOnOutOfMemoryError               = true                                   {manageable} {command line}
    ccstr HeapDumpPath                             = c:\Users\ManhChu\AppData\Roaming\Antigravity\User\workspaceStorage\bb25cf70fd281f4a14e69039ea312822\redhat.java         {manageable} {command line}
   size_t InitialHeapSize                          = 104857600                                 {product} {command line}
   size_t MaxHeapSize                              = 2147483648                                {product} {command line}
   size_t MaxNewSize                               = 715653120                                 {product} {ergonomic}
   size_t MinHeapDeltaBytes                        = 524288                                    {product} {ergonomic}
   size_t MinHeapSize                              = 104857600                                 {product} {command line}
   size_t NewSize                                  = 34603008                                  {product} {ergonomic}
    uintx NonNMethodCodeHeapSize                   = 5832780                                {pd product} {ergonomic}
    uintx NonProfiledCodeHeapSize                  = 122912730                              {pd product} {ergonomic}
   size_t OldSize                                  = 70254592                                  {product} {ergonomic}
    uintx ProfiledCodeHeapSize                     = 122912730                              {pd product} {ergonomic}
    uintx ReservedCodeCacheSize                    = 251658240                              {pd product} {ergonomic}
     bool SegmentedCodeCache                       = true                                      {product} {ergonomic}
   size_t SoftMaxHeapSize                          = 2147483648                             {manageable} {ergonomic}
     bool UseCompressedOops                        = true                           {product lp64_product} {ergonomic}
     bool UseLargePagesIndividualAllocation        = false                                  {pd product} {ergonomic}
     bool UseParallelGC                            = true                                      {product} {command line}

Logging:
Log output configuration:
 #0: stdout all=off uptime,level,tags foldmultilines=false
 #1: stderr all=off uptime,level,tags foldmultilines=false

Release file:
JAVA_VERSION="21.0.10" 
MODULES="java.base java.compiler java.datatransfer java.xml java.prefs java.desktop java.instrument java.logging java.management java.security.sasl java.naming java.rmi java.management.rmi java.net.http java.scripting java.security.jgss java.transaction.xa java.sql java.sql.rowset java.xml.crypto java.se java.smartcardio jdk.accessibility jdk.internal.jvmstat jdk.attach jdk.charsets jdk.internal.opt jdk.zipfs jdk.compiler jdk.crypto.ec jdk.crypto.cryptoki jdk.crypto.mscapi jdk.dynalink jdk.internal.ed jdk.editpad jdk.hotspot.agent jdk.httpserver jdk.internal.le jdk.internal.vm.ci jdk.internal.vm.compiler jdk.internal.vm.compiler.management jdk.jartool jdk.javadoc jdk.jcmd jdk.management jdk.management.agent jdk.jconsole jdk.jdeps jdk.jdwp.agent jdk.jdi jdk.jfr jdk.jshell jdk.jsobject jdk.jstatd jdk.localedata jdk.management.jfr jdk.naming.dns jdk.naming.rmi jdk.net jdk.nio.mapmode jdk.random jdk.sctp jdk.security.auth jdk.security.jgss jdk.unsupported jdk.unsupported.desktop jdk.xml.dom" 

Environment Variables:
PATH=C:\Program Files\Common Files\Oracle\Java\javapath;C:\Program Files (x86)\Common Files\Oracle\Java\java8path;C:\Program Files (x86)\Common Files\Oracle\Java\javapath;C:\WINDOWS\system32;C:\WINDOWS;C:\WINDOWS\System32\Wbem;C:\WINDOWS\System32\WindowsPowerShell\v1.0\;C:\WINDOWS\System32\OpenSSH\;C:\Program Files\dotnet\;C:\Program Files\Git\cmd;C:\ProgramData\chocolatey\bin;C:\Program Files (x86)\Intel\Intel(R) Management Engine Components\DAL;C:\Program Files\Intel\Intel(R) Management Engine Components\DAL;C:\Program Files\WireGuard\;C:\MinGW\bin;C:\Program Files\Calibre2\;C:\ffmpeg\bin;C:\Users\ManhChu\AppData\Roaming\YT-dlp;C:\Program Files\Intel\WiFi\bin\;C:\Program Files\Common Files\Intel\WirelessCommon\;D:\Program Files\Tailscale\;C:\Program Files\Tailscale\;C:\Program Files\nodejs\;C:\Users\ManhChu\AppData\Local\Programs\Python\Python313\Scripts\;C:\Users\ManhChu\AppData\Local\Programs\Python\Python313\;C:\Users\ManhChu\AppData\Local\Programs\Microsoft VS Code\bin;C:\Users\ManhChu\AppData\Local\spicetify;C:\Users\ManhChu\AppData\Local\Microsoft\WindowsApps;C:\Program Files\Intel\WiFi\bin\;C:\Program Files\Common Files\Intel\WirelessCommon\;C:\Users\ManhChu\AppData\Local\Microsoft\WinGet\Packages\Genymobile.scrcpy_Microsoft.Winget.Source_8wekyb3d8bbwe\scrcpy-win64-v3.3.1;C:\Users\ManhChu\AppData\Roaming\npm;D:\Users\ManhChu\AppData\Local\Programs\Antigravity\bin
USERNAME=ManhChu
OS=Windows_NT
PROCESSOR_IDENTIFIER=Intel64 Family 6 Model 78 Stepping 3, GenuineIntel
TMP=C:\Users\ManhChu\AppData\Local\Temp
TEMP=C:\Users\ManhChu\AppData\Local\Temp




Periodic native trim disabled

---------------  S Y S T E M  ---------------

OS:
 Windows 10 , 64 bit Build 19041 (10.0.19041.5915)
OS uptime: 1 days 12:35 hours

CPU: total 4 (initial active 4) (2 cores per cpu, 2 threads per core) family 6 model 78 stepping 3 microcode 0xf0, cx8, cmov, fxsr, ht, mmx, 3dnowpref, sse, sse2, sse3, ssse3, sse4.1, sse4.2, popcnt, lzcnt, tsc, tscinvbit, avx, avx2, aes, erms, clmul, bmi1, bmi2, rtm, adx, fma, vzeroupper, clflush, clflushopt, rdtscp, f16c
Processor Information for the first 4 processors :
  Max Mhz: 2501, Current Mhz: 2200, Mhz Limit: 2175

Memory: 4k page, system-wide physical 16275M (707M free)
TotalPageFile size 24323M (AvailPageFile size 0M)
current process WorkingSet (physical memory assigned to process): 134M, peak: 136M
current process commit charge ("private bytes"): 263M, peak: 266M

vm_info: OpenJDK 64-Bit Server VM (21.0.10+7-LTS) for windows-amd64 JRE (21.0.10+7-LTS), built on 2026-01-20T00:00:00Z by "admin" with MS VC++ 17.12 (VS2022)

END.
